0,1,2,3,4,5,6,7,8,9,10,11,12,y
-0.409837,-0.487722,-1.034027,-0.272599,-0.386091,0.187151,0.552081,-0.546077,-0.523001,-0.666608,-0.857929,0.425702,9.04,1.067194
-0.413949,1.22906,-0.689681,3.668398,-0.930305,0.674384,-1.26862,0.134319,-0.637962,-0.916058,-0.395567,0.441052,3.53,9.867194
-0.408212,-0.487722,2.422565,-0.272599,0.469104,-0.429726,1.074822,-0.916009,-0.637962,1.798194,0.76034,0.366604,18.07,-8.932806
-0.409853,-0.487722,-0.04768,-0.272599,-1.224009,-0.312904,-2.16119,0.709373,-0.637962,-0.613155,0.344213,0.375375,5.52,0.267194
0.171842,-0.487722,1.015999,-0.272599,1.36749,0.017617,0.825898,-0.678277,1.661245,1.530926,0.806576,0.311563,17.27,-6.432806
-0.408702,-0.487722,0.247057,-0.272599,-1.016689,-0.008027,0.2107,0.122245,-0.523001,-0.060801,0.113032,0.18624,11.97,-2.532806
-0.383479,-0.487722,-0.180458,-0.272599,-0.092387,-0.528027,0.520077,0.096765,-0.637962,-0.619094,-0.025677,0.373073,18.33,-4.732806
-0.386664,-0.487722,1.568995,-0.272599,0.598679,-0.157616,0.889907,-1.037799,-0.637962,0.170831,1.268938,0.344346,24.16,-8.532806
0.049445,-0.487722,1.015999,-0.272599,-0.196047,-0.07926,0.786781,-0.330735,1.661245,1.530926,0.806576,0.423838,12.87,-2.932806
-0.394406,-0.487722,-0.211099,-0.272599,0.261784,-0.367041,0.395615,-0.616479,-0.408041,-0.102376,0.344213,0.441052,14.33,-5.732806
-0.407636,-0.487722,0.401721,3.668398,-0.040557,-0.475315,0.897019,-0.430562,-0.523001,-0.785394,-0.950402,0.441052,17.92,-1.032806
-0.400729,0.048772,-0.476654,-0.272599,-0.265154,-0.399808,0.61609,1.329635,-0.523001,-0.577519,-1.505237,0.329325,17.1,-3.632806
4.903104,-0.487722,1.015999,-0.272599,1.194724,-2.515426,1.117494,-1.015789,1.661245,1.530926,0.806576,-2.942878,36.98,-15.532806
-0.413947,-0.487722,0.247057,-0.272599,-1.016689,-0.074986,-0.52896,0.579502,-0.523001,-0.060801,0.113032,0.325926,12.34,-1.332806
-0.387477,-0.487722,-0.548149,-0.272599,-0.532942,-0.821507,0.203588,0.440219,-0.523001,-0.720062,0.529158,0.377788,11.74,-4.032806
0.120256,-0.487722,1.015999,-0.272599,0.512296,0.990659,-0.034668,-0.599984,1.661245,1.530926,0.806576,0.197424,11.66,7.267194
-0.409056,-0.487722,2.117615,-0.272599,0.227231,-0.577891,0.96814,-0.850313,-0.867883,-1.308051,0.297977,0.248956,17.58,-3.732806
1.247542,-0.487722,1.015999,-0.272599,1.255192,-2.001125,1.117494,-1.048447,1.661245,1.530926,0.806576,0.178127,30.62,-12.332806
-0.41891,2.945843,-1.557842,-0.272599,-1.146264,2.265728,-1.300624,0.881029,-0.637962,-0.910119,-1.875127,0.411777,2.97,27.467194
0.665139,-0.487722,1.015999,-0.272599,1.36749,-0.141945,1.071266,-0.728951,1.661245,1.530926,0.806576,0.441052,18.13,-8.432806
-0.401652,0.370669,-0.609431,-0.272599,-0.783454,-0.063589,-1.858925,0.301364,-0.752922,-1.100176,0.066796,0.441052,6.59,2.667194
-0.411233,1.22906,-0.689681,-0.272599,-0.930305,0.281179,-1.297068,0.164125,-0.637962,-0.916058,-0.395567,0.441052,7.19,6.567194
-0.288921,-0.487722,-0.437258,-0.272599,-0.144217,-0.814384,0.907687,0.208191,-0.637962,-0.601276,1.176466,0.038331,22.6,-9.832806
-0.413229,-0.487722,0.115738,-0.272599,0.158124,0.439316,0.018673,-0.625796,-0.982843,-0.803212,1.176466,0.387217,9.67,-0.132806
0.396724,-0.487722,1.015999,-0.272599,1.410682,-0.396959,0.95036,-0.912919,1.661245,1.530926,0.806576,-0.402327,15.7,-8.332806
0.516961,-0.487722,1.015999,-0.272599,0.253146,-1.221836,0.953916,-0.648994,1.661245,1.530926,0.806576,-0.044888,18.14,-8.732806
-0.410757,-0.487722,0.247057,-0.272599,-1.016689,-0.585014,-1.137046,0.336351,-0.523001,-0.060801,0.113032,0.431842,9.1,-2.232806
0.686614,-0.487722,1.015999,-0.272599,1.36749,0.631645,0.907687,-0.617477,1.661245,1.530926,0.806576,-3.83746,18.71,-7.632806
-0.400215,-0.487722,-0.07978,3.668398,-0.567496,-0.462493,0.836566,0.039008,-0.637962,-0.779455,0.066796,0.401032,17.27,-0.832806
-0.389285,-0.487722,-0.211099,-0.272599,0.261784,-0.698987,0.072014,-0.428946,-0.408041,-0.102376,0.344213,0.441052,14.1,-4.232806
-0.404325,-0.487722,-1.034027,-0.272599,-0.386091,-1.015261,0.708548,-0.56994,-0.523001,-0.666608,-0.857929,0.441052,14.69,0.567194
-0.401013,-0.487722,-0.548149,-0.272599,-0.532942,0.201398,-0.578745,0.35432,-0.523001,-0.720062,0.529158,0.441052,7.2,1.267194
1.861457,-0.487722,1.015999,-0.272599,1.00468,1.46507,1.042817,-1.178318,1.661245,1.530926,0.806576,0.441052,13.44,-7.532806
0.007529,-0.487722,1.015999,-0.272599,1.859875,-1.314439,0.982364,-0.80406,1.661245,1.530926,0.806576,0.264416,10.19,-1.732806
0.094118,-0.487722,1.015999,-0.272599,0.253146,-0.401233,0.921911,-0.596466,1.661245,1.530926,0.806576,-0.27832,21.32,-3.432806
-0.17041,-0.487722,1.231945,-0.272599,2.732346,-0.820083,1.064154,-1.032427,-0.523001,-0.031105,-1.736418,-1.038588,15.79,-3.132806
-0.417342,-0.487722,-0.593381,-0.272599,-0.740262,1.282714,-0.265812,0.55716,-0.867883,-0.987329,-0.303094,0.396427,4.03,12.167194
-0.416529,-0.487722,-0.867691,-0.272599,-0.342899,-0.592137,-0.792108,0.682657,-0.523001,-1.094237,0.806576,0.441052,9.8,-3.032806
-0.404706,-0.487722,-0.07978,3.668398,-0.567496,-0.314329,-0.336933,0.211139,-0.637962,-0.779455,0.066796,0.270227,14.66,1.867194
-0.397779,-0.487722,-0.04768,-0.272599,-1.224009,-0.056465,-2.218087,0.709373,-0.637962,-0.613155,0.344213,0.224725,7.54,0.867194
-0.386816,-0.487722,-0.211099,-0.272599,0.261784,-1.274549,0.153803,-0.473678,-0.408041,-0.102376,0.344213,0.441052,21.14,-2.832806
-0.414778,0.928623,-1.306878,-0.272599,-0.714347,0.804028,0.061346,-0.291089,-0.293081,-1.106115,-0.025677,0.441052,7.53,5.667194
-0.418179,3.589637,-1.233923,-0.272599,-1.19723,2.492249,-1.30418,0.628893,-0.637962,-1.094237,-1.736418,0.371428,2.88,27.467194
-0.404744,0.048772,-0.73929,-0.272599,-1.258562,-0.983918,-1.129934,1.284902,-0.637962,-0.375583,0.205505,0.441052,13.09,-5.132806
-0.415066,-0.487722,-1.127409,-0.272599,-0.567496,0.188576,-0.088009,-0.334062,-0.867883,-0.82103,-0.303094,0.3893,8.81,0.067194
0.38969,-0.487722,1.015999,-0.272599,1.255192,-0.814384,1.010813,-0.888248,1.661245,1.530926,0.806576,0.41397,17.11,-7.432806
-0.286488,-0.487722,-0.437258,-0.272599,-0.144217,-0.83148,0.939692,-0.003728,-0.637962,-0.601276,1.176466,0.022981,18.35,-9.432806
-0.410246,-0.487722,-0.04768,-0.272599,-1.224009,0.188576,-2.203863,0.709373,-0.637962,-0.613155,0.344213,0.296651,6.72,1.667194
0.085565,-0.487722,1.015999,-0.272599,0.218592,-0.167589,0.548525,-0.362061,1.661245,1.530926,0.806576,0.441052,16.29,-2.632806
-0.419782,0.28483,-1.287909,-0.272599,-0.144217,0.413672,-0.120013,0.140214,-0.982843,-0.666608,-1.459,0.441052,4.98,1.467194
-0.406847,0.048772,-0.476654,-0.272599,-0.265154,-0.392685,0.509409,1.155935,-0.523001,-0.577519,-1.505237,0.441052,13.27,-3.632806
-0.416206,0.370669,-1.139082,-0.272599,-0.965723,0.973563,-1.115709,0.689122,-0.523001,-1.141751,-1.643945,0.389848,4.59,12.867194
-0.277091,-0.487722,-0.437258,-0.272599,-0.144217,-0.203205,0.822342,0.086449,-0.637962,-0.601276,1.176466,0.441052,18.72,-7.332806
-0.407214,-0.487722,-0.375976,-0.272599,-0.299707,0.707152,0.096906,-0.446344,-0.523001,-0.143951,1.13023,0.426579,7.67,3.967194
-0.357618,0.370669,-1.0457,-0.272599,0.175401,1.688741,-0.568077,-0.438786,-0.523001,-0.856665,-2.522434,0.368687,3.16,20.967194
0.006999,-0.487722,1.015999,-0.272599,0.244507,0.038987,-0.592969,0.093485,1.661245,1.530926,0.806576,0.350267,10.58,-1.332806
0.238896,-0.487722,1.015999,-0.272599,1.600725,-0.093507,1.117494,-0.851026,1.661245,1.530926,0.806576,0.427785,16.59,-4.132806
-0.416442,2.945843,-0.902709,-0.272599,-1.241285,0.821124,-1.446423,0.628275,-0.637962,-0.969512,0.344213,0.441052,3.33,5.967194
-0.41463,-0.487722,-0.969827,-0.272599,-0.913029,0.148685,-0.731655,0.467933,-0.752922,-0.957633,0.02056,0.441052,9.62,1.367194
-0.398252,0.456508,-0.769931,-0.272599,-1.068519,-0.968247,0.057789,1.977468,-0.293081,-0.464673,0.297977,0.355859,18.46,-4.032806
-0.405796,0.585267,-0.876445,-0.272599,-0.878475,0.680083,-0.895234,1.989827,-0.17812,-0.73788,0.575395,0.426579,9.5,2.467194
-0.418992,3.375039,-1.446951,-0.272599,-1.310392,1.373892,-1.659786,2.330049,-0.523001,-1.082358,-0.256858,0.430417,4.81,12.867194
-0.369106,-0.487722,-0.720322,-0.272599,-0.437921,0.380905,-1.677566,-0.199628,-0.17812,-0.601276,-0.488039,0.259482,3.76,8.967194
-0.327103,-0.487722,-0.437258,-0.272599,-0.144217,-1.180521,-1.137046,0.000693,-0.637962,-0.601276,1.176466,-0.742112,11.69,-2.332806
-0.411266,2.087452,-1.378373,-0.272599,-1.241285,0.419371,-1.161938,3.2873,-0.637962,0.016409,-0.071913,0.154663,5.49,1.567194
-0.369812,-0.487722,-0.07978,3.668398,-0.567496,-1.340083,1.117494,0.038009,-0.637962,-0.779455,0.066796,0.441052,23.09,-2.532806
0.593879,-0.487722,1.015999,-0.272599,1.194724,0.265507,1.074822,-0.983702,1.661245,1.530926,0.806576,0.387107,17.12,-9.432806
-0.416259,0.585267,-0.915841,-0.272599,-1.11171,0.02474,-1.293512,0.76328,-0.637962,-0.755697,0.251741,0.441052,6.72,2.267194
-0.417302,2.731245,-1.194528,-0.272599,-1.094434,0.442165,-1.663342,0.76347,-0.752922,-0.927937,-0.071913,0.427127,4.32,8.267194
0.122809,-0.487722,1.015999,-0.272599,1.36749,-0.439699,0.687212,-0.577309,1.661245,1.530926,0.806576,-3.795795,19.01,-9.832806
-0.398597,-0.487722,-0.616727,-0.272599,-0.921667,-0.710384,-1.254396,0.620527,-0.752922,-1.040783,-0.256858,0.441052,14.15,-2.532806
0.243762,-0.487722,1.015999,-0.272599,-0.196047,0.662987,0.224924,-0.220259,1.661245,1.530926,0.806576,0.399058,7.74,1.167194
1.069328,-0.487722,1.015999,-0.272599,1.600725,-0.613507,0.996589,-0.902936,1.661245,1.530926,0.806576,-1.273554,23.79,-11.732806
-0.408113,2.945843,-1.346273,-0.272599,-1.224009,-0.496685,-1.745132,3.228069,-0.637962,-0.440915,1.638828,0.212335,5.57,-1.932806
-0.410385,-0.487722,0.247057,-0.272599,-1.016689,-0.206055,-0.809889,0.140451,-0.523001,-0.060801,0.113032,0.332066,10.27,-1.732806
4.042606,-0.487722,1.015999,-0.272599,1.194724,-1.184795,1.117494,-1.095936,1.661245,1.530926,0.806576,0.441052,30.59,-17.532806
-0.404272,-0.487722,-0.375976,-0.272599,-0.299707,-0.167589,0.761889,-0.653177,-0.523001,-0.143951,1.13023,0.394892,12.33,-2.432806
-0.416433,3.589637,-1.233923,-0.272599,-1.19723,2.234386,-1.257952,0.628893,-0.637962,-1.094237,-1.736418,0.395879,3.81,25.967194
1.426838,-0.487722,1.015999,-0.272599,1.00468,0.370932,1.08549,-1.081865,1.661245,1.530926,0.806576,0.441052,21.08,-11.632806
-0.399178,-0.487722,2.422565,-0.272599,0.469104,-1.240357,1.057042,-0.969583,-0.637962,1.798194,0.76034,-0.138414,23.97,-15.532806
-0.405603,0.048772,-0.73929,-0.272599,-1.258562,-0.569343,-1.265064,1.284902,-0.637962,-0.375583,0.205505,0.441052,8.79,-1.632806
0.441097,-0.487722,1.015999,-0.272599,0.365444,-0.951151,1.042817,-1.112527,1.661245,1.530926,0.806576,-0.460876,26.4,-5.332806
-0.416388,2.945843,-1.09385,-0.272599,-1.405414,-0.582165,-1.759356,2.579,-0.982843,-0.553762,-0.950402,0.422193,9.25,-1.632806
0.92684,-0.487722,1.015999,-0.272599,1.255192,-1.778878,1.010813,-0.962643,1.661245,1.530926,0.806576,0.441052,25.68,-12.832806
-0.390064,-0.487722,-0.180458,-0.272599,-0.092387,-0.37274,0.776113,-0.45685,-0.637962,-0.619094,-0.025677,0.434473,11.72,-3.132806
-0.368393,-0.487722,-0.720322,3.668398,-0.412006,0.628795,-0.073785,-0.068046,-0.17812,-0.601276,-0.488039,0.03866,8.05,6.467194
0.139486,-0.487722,1.015999,-0.272599,1.36749,0.593179,0.761889,-0.569275,1.661245,1.530926,0.806576,-1.112269,16.42,-6.132806
-0.380824,-0.487722,-0.548149,-0.272599,-0.532942,0.185727,-1.012584,0.440219,-0.523001,-0.720062,0.529158,0.441052,6.12,2.467194
-0.417172,0.714026,0.569516,-0.272599,-0.783454,-0.104904,-1.410862,-0.06139,-0.637962,-0.82103,-0.118149,0.434802,6.21,2.467194
-0.379516,-0.487722,1.568995,-0.272599,0.598679,0.241288,1.060598,-0.924708,-0.637962,0.170831,1.268938,0.410132,14.59,-5.432806
-0.412346,-0.487722,-1.034027,-0.272599,-0.386091,-0.377014,-0.760104,-0.114156,-0.523001,-0.666608,-0.857929,0.400813,10.11,0.667194
2.598274,-0.487722,1.015999,-0.272599,1.073787,-1.397069,0.729884,-1.020876,1.661245,1.530926,0.806576,-2.514281,26.64,-12.132806
-0.281691,-0.487722,1.568995,-0.272599,0.598679,0.058932,1.035705,-0.724483,-0.637962,0.170831,1.268938,0.441052,12.26,-2.932806
-0.413346,-0.487722,-0.984418,-0.272599,-0.973497,-0.550822,-0.578745,2.005372,-0.752922,-0.334008,0.159268,0.087013,12.67,-5.332806
0.109664,-0.487722,1.015999,-0.272599,1.410682,-3.880249,0.687212,-1.037181,1.661245,1.530926,0.806576,-0.021644,7.12,4.967194
-0.351851,-0.487722,1.568995,-0.272599,0.598679,0.124466,1.042817,-0.697672,-0.637962,0.170831,1.268938,0.318909,11.12,0.467194
0.653875,-0.487722,1.015999,-0.272599,0.659147,-0.097781,1.117494,-1.248292,1.661245,1.530926,0.806576,0.103898,9.53,27.467194
1.768579,-0.487722,1.015999,-0.272599,0.365444,-2.360139,1.117494,-1.06537,1.661245,1.530926,0.806576,-3.595038,34.37,-4.632806
1.257678,-0.487722,1.015999,-0.272599,1.600725,0.251261,0.879239,-0.852072,1.661245,1.530926,0.806576,-3.609292,18.05,-12.932806
1.214608,-0.487722,1.015999,-0.272599,0.365444,0.530494,1.117494,-1.07792,1.661245,1.530926,0.806576,-3.526401,21.22,-5.332806
-0.41448,-0.487722,-0.969827,-0.272599,-0.913029,-0.384137,-0.834781,0.300508,-0.752922,-0.957633,0.02056,0.431074,12.86,-0.032806
-0.409448,-0.487722,0.247057,-0.272599,-1.016689,0.001946,-0.838337,0.336351,-0.523001,-0.060801,0.113032,0.291169,8.94,-1.132806
1.327804,-0.487722,1.015999,-0.272599,0.512296,-1.397069,1.021481,-0.805438,1.661245,1.530926,0.806576,-0.078878,24.91,-10.532806
-0.347506,-0.487722,-0.437258,-0.272599,-0.144217,-0.642,-0.42939,0.334449,-0.637962,-0.601276,1.176466,0.427018,8.47,-2.632806
-0.416484,1.014463,-0.740749,-0.272599,-1.008914,-0.361342,-1.610001,1.352738,-0.982843,-0.619094,-0.71922,0.061137,7.83,-3.132806
0.399963,-0.487722,1.015999,-0.272599,0.512296,-0.258767,0.587642,-0.842945,1.661245,1.530926,0.806576,-3.883072,23.29,-9.132806
-0.336054,-0.487722,-0.437258,-0.272599,-0.144217,-0.794439,0.032897,0.000693,-0.637962,-0.601276,1.176466,0.375814,11.28,-4.332806
-0.39819,-0.487722,-0.548149,-0.272599,-0.532942,0.208521,-1.915822,0.770506,-0.523001,-0.720062,0.529158,0.405747,5.08,2.067194
-0.415908,-0.487722,-0.867691,-0.272599,-0.342899,-0.352794,-1.211723,1.041181,-0.523001,-1.094237,0.806576,0.441052,8.01,-1.432806
-0.418126,3.160441,-1.516987,-0.272599,-1.249924,0.140137,-1.16905,2.563455,-0.867883,-0.56564,-0.534275,0.441052,5.77,2.167194
1.345702,-0.487722,1.015999,-0.272599,1.600725,-0.188959,1.117494,-0.894095,1.661245,1.530926,0.806576,-3.808514,26.45,-13.832806
1.259714,-0.487722,1.015999,-0.272599,0.365444,0.808302,1.117494,-1.107393,1.661245,1.530926,0.806576,-1.944135,19.78,4.967194
-0.416167,-0.487722,-0.867691,-0.272599,-0.342899,0.036137,-1.069481,1.266078,-0.523001,-1.094237,0.806576,0.358819,6.75,-1.832806
-0.412502,-0.487722,-1.266023,-0.272599,-0.576134,-0.200356,-0.226695,-0.569085,-0.752922,-1.278354,-0.303094,0.441052,9.45,13.667194
-0.372527,-0.487722,-0.720322,-0.272599,-0.437921,1.251371,0.402727,-0.275402,-0.17812,-0.601276,-0.488039,0.168917,6.36,9.067194
1.19863,-0.487722,1.015999,-0.272599,1.36749,-0.109178,0.939692,-0.747681,1.661245,1.530926,0.806576,-2.807359,15.17,-10.832806
-0.412851,-0.487722,-1.266023,-0.272599,-0.576134,2.109016,0.523633,-0.501059,-0.752922,-1.278354,-0.303094,0.42636,7.56,17.267194
-0.322701,-0.487722,-0.437258,-0.272599,-0.144217,-0.976795,0.608978,0.313533,-0.637962,-0.601276,1.176466,-0.583896,16.51,-8.632806
-0.400349,-0.487722,-0.211099,-0.272599,0.261784,-0.822932,-0.518292,-0.671859,-0.408041,-0.102376,0.344213,0.441052,12.01,-0.732806
-0.410924,0.799865,-0.905627,-0.272599,-1.094434,0.279754,-1.780692,1.138441,-0.408041,-0.642851,-0.857929,0.249285,6.36,1.167194
-0.396535,0.456508,-0.769931,-0.272599,-1.068519,-0.985343,0.281821,1.977468,-0.293081,-0.464673,0.297977,0.173412,12.5,-4.932806
-0.40419,0.456508,-0.769931,-0.272599,-1.068519,0.288302,-1.976275,1.712117,-0.293081,-0.464673,0.297977,0.434254,5.9,1.867194
8.136884,-0.487722,1.015999,-0.272599,1.073787,-0.466767,1.117494,-0.947146,1.661245,1.530926,0.806576,-3.730338,20.62,-13.732806
-0.402947,-0.487722,-0.164408,-0.272599,-0.066472,-0.375589,0.498741,-0.498017,-0.408041,0.141134,-0.303094,0.414847,10.3,-3.332806
-0.404051,-0.487722,-0.616727,-0.272599,-0.921667,-0.16474,-2.203863,0.915493,-0.752922,-1.040783,-0.256858,0.292704,5.81,2.767194
-0.379654,-0.487722,-0.548149,-0.272599,-0.532942,-0.347096,-0.66409,0.440219,-0.523001,-0.720062,0.529158,0.441052,7.7,-2.132806
-0.418341,3.160441,-1.019436,-0.272599,-1.085795,0.329617,-1.453535,2.253372,-0.637962,-0.339948,-0.256858,0.392041,6.36,0.567194
-0.409924,-0.487722,-1.266023,-0.272599,-0.576134,1.239974,0.840122,-0.520264,-0.752922,-1.278354,-0.303094,0.410571,4.82,15.367194
-0.009137,-0.487722,1.231945,3.668398,2.732346,-0.188959,0.498741,-0.974289,-0.523001,-0.031105,-1.736418,-2.945729,15.02,-6.932806
-0.416354,0.370669,-1.139082,-0.272599,-0.965723,2.187372,-0.144906,0.427669,-0.523001,-1.141751,-1.643945,0.335904,3.76,22.867194
-0.37544,-0.487722,2.117615,-0.272599,0.227231,-0.95685,0.961028,-0.968728,-0.867883,-1.308051,0.297977,0.028682,27.26,-6.832806
-0.412692,-0.487722,-1.152214,-0.272599,-0.818007,0.068904,-1.826921,0.674814,-0.637962,0.129256,-0.71922,0.203235,7.34,0.067194
-0.262864,-0.487722,-0.437258,-0.272599,-0.144217,-0.302931,1.117494,0.18062,-0.637962,-0.601276,1.176466,0.219901,13.04,-8.032806
-0.394669,-0.487722,-0.164408,-0.272599,-0.066472,-0.274438,0.953916,-0.592806,-0.408041,0.141134,-0.303094,0.441052,17.09,-3.832806
-0.149253,-0.487722,1.231945,-0.272599,2.732346,-1.565179,0.897019,-1.076922,-0.523001,-0.031105,-1.736418,0.003464,28.32,-4.732806
0.329398,-0.487722,1.015999,-0.272599,0.253146,0.199973,0.221368,-0.758044,1.661245,1.530926,0.806576,-2.836743,12.03,-6.432806
-0.41667,-0.487722,-0.867691,-0.272599,-0.342899,-0.321452,-1.112153,0.483525,-0.523001,-1.094237,0.806576,0.432719,8.51,-1.932806
-0.418851,3.804234,-1.43236,-0.272599,-1.241285,0.757015,-0.99836,2.153307,-0.523001,-0.90418,-1.551473,0.397194,3.95,9.067194
-0.418843,2.087452,-1.197446,-0.272599,-1.327669,0.454987,-1.770024,1.15256,-0.982843,-0.850726,-1.320292,0.219572,4.38,6.567194
-0.333207,-0.487722,-0.437258,-0.272599,-0.144217,-0.513781,0.907687,0.287388,-0.637962,-0.601276,1.176466,0.412874,16.3,-6.932806
-0.329258,-0.487722,-0.437258,-0.272599,-0.144217,-0.419753,0.466736,0.220028,-0.637962,-0.601276,1.176466,0.329764,14.67,-5.032806
-0.412993,2.516647,-1.298123,-0.272599,-1.336307,0.086,-1.723795,1.917048,-0.523001,-0.298373,-1.690182,0.126813,4.97,-0.032806
-0.415421,2.945843,-1.133246,-0.272599,-1.353584,-0.708959,-1.332629,1.338857,-0.637962,-0.423098,-1.08911,0.441052,10.24,-3.132806
-0.376787,-0.487722,-0.07978,3.668398,-0.567496,-1.254603,0.712104,-0.061818,-0.637962,-0.779455,0.066796,0.422851,23.98,-3.232806
4.41237,-0.487722,1.015999,-0.272599,1.194724,-1.073672,0.59831,-1.039938,1.661245,1.530926,0.806576,-0.298384,27.38,-14.032806
-0.41552,0.714026,0.569516,-0.272599,-0.783454,-0.050767,0.31027,-0.085587,-0.637962,-0.82103,-0.118149,0.441052,10.59,-1.932806
-0.255983,-0.487722,1.231945,3.668398,2.732346,-0.221726,0.975252,-0.972435,-0.523001,-0.031105,-1.736418,-0.390924,15.12,-5.532806
0.711117,-0.487722,1.015999,-0.272599,1.600725,0.172905,1.017925,-0.822361,1.661245,1.530926,0.806576,0.321102,19.52,-5.432806
-0.305491,-0.487722,-0.437258,-0.272599,-0.144217,-0.671918,1.117494,0.142686,-0.637962,-0.601276,1.176466,0.415176,19.88,-8.032806
-0.359197,-0.487722,-0.720322,-0.272599,-0.437921,3.476688,0.512965,-0.428138,-0.17812,-0.601276,-0.488039,0.277683,4.63,27.467194
0.22897,-0.487722,1.015999,-0.272599,1.36749,0.215644,0.687212,-0.703186,1.661245,1.530926,0.806576,-2.812183,16.22,-8.232806
0.734469,-0.487722,1.015999,-0.272599,1.600725,-0.047918,0.996589,-0.759185,1.661245,1.530926,0.806576,0.349171,16.44,-9.932806
-0.417044,-0.487722,-1.306878,-0.272599,-0.835284,0.207096,-0.351157,1.077737,-0.752922,-1.106115,0.113032,0.410571,5.21,6.167194
-0.405205,-0.487722,-0.164408,-0.272599,-0.066472,-0.154767,0.139579,-0.506241,-0.408041,0.141134,-0.303094,0.40158,12.04,-1.332806
-0.400569,-0.487722,-0.616727,-0.272599,-0.921667,-0.858548,-1.236615,0.620527,-0.752922,-1.040783,-0.256858,0.441052,10.21,-3.232806
-0.297868,-0.487722,-0.437258,-0.272599,-0.144217,-0.49811,-1.396638,0.334449,-0.637962,-0.601276,1.176466,0.33086,6.58,0.567194
1.392077,-0.487722,1.015999,-0.272599,0.218592,-0.510932,0.086238,-0.421483,1.661245,1.530926,0.806576,0.132296,18.13,-3.432806
0.10804,-0.487722,1.015999,-0.272599,1.859875,0.161507,0.690768,-0.606972,1.661245,1.530926,0.806576,0.196108,7.79,2.467194
-0.41675,-0.487722,-1.306878,-0.272599,-0.835284,1.016303,-0.809889,1.077737,-0.752922,-1.106115,0.113032,0.416163,2.94,10.867194
7.483646,-0.487722,1.015999,-0.272599,1.194724,-0.857124,1.117494,-1.126455,1.661245,1.530926,0.806576,0.310247,22.98,-17.532806
-0.41348,-0.487722,-1.266023,-0.272599,-0.576134,-0.187534,0.008005,-0.244978,-0.752922,-1.278354,-0.303094,0.333711,13.15,7.067194
-0.403141,0.585267,-0.876445,-0.272599,-0.878475,-0.774493,-0.084453,1.630686,-0.17812,-0.73788,0.575395,0.421426,13.15,-3.832806
-0.407957,-0.487722,-0.375976,-0.272599,-0.299707,-0.127698,-0.504068,-0.483566,-0.523001,-0.143951,1.13023,0.403663,13,-0.832806
-0.399385,-0.487722,-0.548149,-0.272599,-0.532942,0.130165,-0.507624,0.35432,-0.523001,-0.720062,0.529158,0.441052,6.87,0.567194
-0.331885,0.370669,-1.0457,-0.272599,0.797361,-1.032357,-0.205359,-0.859725,-0.523001,-0.856665,-2.522434,0.391712,10.45,0.267194
-0.303859,-0.487722,-0.437258,-0.272599,-0.144217,0.554713,0.665875,0.211044,-0.637962,-0.601276,1.176466,0.258276,11.98,-1.532806
-0.359987,0.370669,-1.0457,-0.272599,0.797361,3.010825,0.81523,-0.716164,-0.523001,-0.856665,-2.522434,0.33097,5.91,26.267194
0.77033,-0.487722,1.015999,-0.272599,0.512296,-0.141945,1.000145,-0.772257,1.661245,1.530926,0.806576,0.252465,18.03,-7.932806
-0.342325,-0.487722,-0.437258,-0.272599,-0.144217,-0.671918,0.772557,0.421632,-0.637962,-0.601276,1.176466,0.221545,14.81,-5.932806
-0.403696,0.048772,-0.476654,-0.272599,-0.265154,-0.160466,0.978808,1.024638,-0.523001,-0.577519,-1.505237,0.441052,19.15,4.567194
-0.407563,-0.487722,2.422565,-0.272599,0.469104,-0.429726,0.530745,-0.801065,-0.637962,1.798194,0.76034,0.441052,13.35,-2.432806
-0.405619,-0.487722,-0.375976,-0.272599,-0.299707,0.269781,1.014369,-0.647521,-0.523001,-0.143951,1.13023,0.422851,12.27,-2.732806
-0.411191,-0.487722,-0.75534,-0.272599,-0.481112,-0.619206,-0.962799,0.066151,-0.523001,-0.767576,0.344213,0.441052,8.77,-1.532806
-0.278125,-0.487722,1.231945,-0.272599,0.434551,0.937946,1.025037,-0.911636,-0.523001,-0.031105,-1.736418,0.074075,4.59,18.767194
-0.005219,-0.487722,1.015999,-0.272599,0.218592,0.217069,0.22848,-0.427139,1.661245,1.530926,0.806576,0.402348,14.36,0.667194
-0.405321,-0.487722,-0.164408,-0.272599,-0.066472,-0.587863,0.160915,-0.626319,-0.408041,0.141134,-0.303094,-0.197841,15.37,-2.132806
-0.403956,-0.487722,-0.164408,-0.272599,-0.066472,-0.043644,0.555637,-0.731376,-0.408041,0.141134,-0.303094,0.351583,10.45,-4.032806
-0.412762,-0.487722,-1.034027,-0.272599,-0.386091,0.372357,-1.261508,-0.315047,-0.523001,-0.666608,-0.857929,0.375924,5.33,6.867194
-0.410435,1.443658,-1.123032,-0.272599,-1.016689,1.272741,-1.50332,1.276251,-0.523001,-0.060801,-1.505237,0.37077,2.87,13.867194
-0.407181,0.370669,-0.609431,-0.272599,-0.783454,0.36096,-0.351157,0.058212,-0.752922,-1.100176,0.066796,0.419781,7.73,1.867194
-0.09703,-0.487722,1.231945,-0.272599,2.732346,-1.968357,1.039261,-1.164247,-0.523001,-0.031105,-1.736418,0.441052,29.29,-10.732806
0.872168,-0.487722,1.015999,-0.272599,0.978765,-1.964083,1.117494,-1.245868,1.661245,1.530926,0.806576,0.441052,34.77,-8.732806
0.509593,-0.487722,1.015999,-0.272599,1.255192,-1.089343,1.117494,-1.075258,1.661245,1.530926,0.806576,0.441052,24.56,-10.232806
0.624859,-0.487722,1.015999,3.668398,1.859875,-0.103479,1.025037,-0.795218,1.661245,1.530926,0.806576,0.230865,17.6,-4.732806
-0.413387,1.22906,-0.689681,3.668398,-0.930305,0.771261,-1.457091,0.507579,-0.637962,-0.916058,-0.395567,0.403225,4.16,10.567194
-0.378845,-0.487722,-0.720322,3.668398,-0.412006,0.949344,0.708548,-0.443682,-0.17812,-0.601276,-0.488039,0.384037,9.71,4.167194
0.361245,-0.487722,1.015999,-0.272599,1.36749,0.661562,0.854346,-0.699478,1.661245,1.530926,0.806576,-3.907193,17.44,-9.132806
-0.230987,-0.487722,1.568995,-0.272599,0.598679,-1.803097,1.117494,-1.1198,-0.637962,0.170831,1.268938,0.441052,34.41,-8.132806
0.239316,-0.487722,1.015999,3.668398,0.659147,0.567535,1.003701,-1.159113,1.661245,1.530926,0.806576,0.204551,3.73,27.467194
-0.413781,0.048772,-0.73929,-0.272599,-1.258562,-0.579315,-1.677566,1.284902,-0.637962,-0.375583,0.205505,0.433487,8.1,-0.532806
0.025988,-0.487722,1.015999,-0.272599,1.859875,-0.047918,0.801005,-0.712836,1.661245,1.530926,0.806576,-0.06605,14.19,-2.632806
-0.152812,-0.487722,1.231945,-0.272599,0.434551,0.048959,0.978808,-0.805771,-0.523001,-0.031105,-1.736418,-0.653301,11.1,1.267194
-0.399823,-0.487722,-0.211099,-0.272599,0.261784,-1.019535,0.175139,-0.663208,-0.408041,-0.102376,0.344213,0.428662,15.1,-5.032806
1.134206,-0.487722,1.015999,-0.272599,1.194724,-0.566493,0.929023,-0.956891,1.661245,1.530926,0.806576,0.441052,16.35,-9.832806
2.494178,-0.487722,1.015999,-0.272599,1.194724,-0.424027,1.117494,-1.04878,1.661245,1.530926,0.806576,0.441052,26.77,-16.932806
-0.417972,2.087452,-1.197446,-0.272599,-1.327669,0.73422,-2.086513,1.15256,-0.982843,-0.850726,-1.320292,0.402348,5.03,8.567194
-0.398322,0.456508,-0.769931,-0.272599,-1.068519,0.617398,-1.816253,1.91643,-0.293081,-0.464673,0.297977,0.406405,6.56,3.667194
-0.389838,-0.487722,-0.375976,-0.272599,-0.299707,-0.07926,0.804561,-0.594184,-0.523001,-0.143951,1.13023,0.378884,15.55,-3.132806
0.869759,-0.487722,1.015999,-0.272599,1.410682,0.180028,1.117494,-0.920382,1.661245,1.530926,0.806576,-0.415813,15.02,-5.832806
-0.143626,-0.487722,1.231945,-0.272599,2.732346,-0.220301,1.117494,-1.12945,-0.523001,-0.031105,-1.736418,-2.014855,27.8,-8.732806
-0.415626,0.714026,0.569516,-0.272599,-0.783454,0.224192,-0.532516,-0.06139,-0.637962,-0.82103,-0.118149,0.420329,8.16,0.367194
-0.289414,-0.487722,1.231945,3.668398,2.732346,-1.81307,0.690768,-1.038607,-0.523001,-0.031105,-1.736418,-0.146857,12.12,-7.232806
-0.347952,-0.487722,-0.720322,3.668398,-0.412006,0.846768,0.324494,-0.248591,-0.17812,-0.601276,-0.488039,0.369674,9.93,4.967194
-0.414099,0.928623,-1.306878,-0.272599,-0.714347,1.355371,-0.977023,0.107889,-0.293081,-1.106115,-0.025677,0.405747,6.93,13.567194
-0.416385,0.585267,-0.915841,-0.272599,-1.11171,-0.167589,-0.777884,0.76328,-0.637962,-0.755697,0.251741,0.372415,7.51,0.367194
-0.401387,0.456508,-0.769931,-0.272599,-1.068519,0.21137,-0.692539,1.91643,-0.293081,-0.464673,0.297977,0.197753,9.52,1.967194
-0.080242,-0.487722,1.231945,-0.272599,0.434551,-0.261616,0.86857,-0.718588,-0.523001,-0.031105,-1.736418,-1.277502,9.81,2.467194
-0.243744,-0.487722,1.231945,3.668398,0.434551,2.978058,0.900575,-0.776298,-0.523001,-0.031105,-1.736418,0.348403,3.32,27.467194
-0.416852,3.589637,-1.410473,-0.272599,-1.310392,0.983535,-1.894486,1.834144,-0.752922,-0.037044,-0.672984,0.441052,4.56,12.367194
-0.366641,-0.487722,-0.720322,-0.272599,-0.437921,1.606111,0.296045,-0.058728,-0.17812,-0.601276,-0.488039,0.213432,5.25,9.167194
-0.411329,-0.487722,0.247057,-0.272599,-1.016689,-0.016575,-2.225199,0.216986,-0.523001,-0.060801,0.113032,0.419343,6.78,1.567194
-0.328535,-0.487722,-0.180458,-0.272599,-0.092387,-0.231698,-0.560965,-0.548929,-0.637962,-0.619094,-0.025677,0.441052,5.98,-0.432806
0.132531,-0.487722,1.015999,-0.272599,1.36749,0.342439,0.637427,-0.646142,1.661245,1.530926,0.806576,-3.352397,18.13,-8.432806
-0.377583,0.456508,-0.769931,-0.272599,-1.068519,2.812797,-2.139854,2.429924,-0.293081,-0.464673,0.297977,0.441052,3.54,20.267194
-0.403671,-0.487722,-0.164408,-0.272599,-0.066472,-0.78874,-0.120013,-0.492408,-0.408041,0.141134,-0.303094,0.381844,13.61,-3.232806
-0.419463,3.375039,-1.191609,-0.272599,-1.336307,1.144522,-1.698903,1.669619,-0.982843,-0.73194,-1.459,0.41715,7.85,9.667194
-0.409734,0.971543,-0.736372,-0.272599,-1.051242,0.299699,-1.784248,0.806539,-0.293081,-0.470612,-1.08911,0.295336,8.67,3.867194
-0.092533,-0.487722,1.015999,-0.272599,-0.196047,-0.744576,-1.005472,0.144159,1.661245,1.530926,0.806576,0.397414,10.42,-0.732806
0.027485,-0.487722,1.015999,3.668398,1.859875,0.157233,0.797449,-0.613151,1.661245,1.530926,0.806576,0.38009,13.27,-0.832806
2.465737,-0.487722,1.015999,-0.272599,1.194724,-1.33296,0.975252,-0.994588,1.661245,1.530926,0.806576,0.441052,19.77,-14.232806
-0.385816,-0.487722,-0.720322,-0.272599,-0.437921,1.996468,-1.834033,-0.199628,-0.17812,-0.601276,-0.488039,0.228453,3.92,24.167194
-0.35836,0.370669,-1.0457,-0.272599,0.797361,1.759974,0.740552,-0.786851,-0.523001,-0.856665,-2.522434,0.347526,7.26,20.567194
-0.360954,-0.487722,-0.720322,-0.272599,-0.412006,1.52918,0.107574,0.167785,-0.17812,-0.601276,-0.488039,0.366165,4.73,8.967194
2.418268,-0.487722,1.015999,-0.272599,1.255192,-2.325947,1.117494,-1.106585,1.661245,1.530926,0.806576,0.441052,28.28,-12.032806
0.146384,-0.487722,1.015999,-0.272599,0.512296,0.284028,0.889907,-0.708178,1.661245,1.530926,0.806576,0.433487,18.68,-5.832806
-0.409178,-0.487722,-0.75534,-0.272599,-0.481112,-0.632028,-0.255144,-0.198297,-0.523001,-0.767576,0.344213,0.229001,11.41,-2.532806
-0.41585,2.945843,-1.403178,-0.272599,-1.301754,1.428029,-1.225947,1.670427,-0.867883,-0.470612,-2.707379,0.441052,4.08,10.767194
-0.35715,-0.487722,1.568995,-0.272599,0.598679,-0.190383,1.042817,-1.010798,-0.637962,0.170831,1.268938,0.441052,18.46,-4.732806
0.149504,-0.487722,1.015999,-0.272599,0.659147,-1.872905,1.117494,-1.170617,1.661245,1.530926,0.806576,0.206634,3.26,27.467194
-0.397642,0.456508,-0.769931,-0.272599,-1.068519,-0.083534,0.377835,2.02529,-0.293081,-0.464673,0.297977,0.213432,10.15,-2.032806
-0.416013,1.765555,-0.848722,-0.272599,-1.293115,-0.107753,-1.325517,1.674325,-0.408041,-0.684426,-0.857929,0.441052,7.14,0.667194
2.3315,-0.487722,1.015999,-0.272599,1.00468,0.135863,0.982364,-1.145137,1.661245,1.530926,0.806576,0.441052,23.69,-9.432806
-0.408498,0.585267,-0.876445,-0.272599,-0.878475,-0.509507,-0.760104,1.491213,-0.17812,-0.73788,0.575395,0.441052,9.22,-2.932806
-0.408782,-0.487722,-0.164408,-0.272599,-0.066472,0.613124,0.46318,-0.531245,-0.408041,0.141134,-0.303094,0.426689,10.16,0.267194
-0.414347,-0.487722,-1.127409,-0.272599,-0.567496,1.1317,-0.194691,-0.180898,-0.867883,-0.82103,-0.303094,0.431842,5.7,6.167194
-0.329083,0.370669,-1.0457,-0.272599,0.797361,1.039097,0.569862,-0.790131,-0.523001,-0.856665,-2.522434,0.300379,14.79,8.167194
-0.410243,0.048772,-0.476654,-0.272599,-0.265154,-0.388411,-0.070229,0.839244,-0.523001,-0.577519,-1.505237,0.426798,12.43,0.367194
-0.016204,-0.487722,1.015999,3.668398,1.410682,3.555044,0.509409,-0.898611,1.661245,1.530926,0.806576,-0.023289,5.29,-0.632806
-0.413447,-0.487722,0.115738,-0.272599,0.158124,0.98496,0.797449,-0.773684,-0.982843,-0.803212,1.176466,0.441052,5.64,1.367194
-0.419003,1.014463,-1.403178,-0.272599,-0.973497,1.362495,-0.685427,1.541554,-0.982843,-0.73788,-1.366528,0.417369,5.49,10.167194
-0.264247,-0.487722,1.231945,-0.272599,0.434551,-0.311479,1.117494,-0.96868,-0.523001,-0.031105,-1.736418,-0.030525,6.43,1.767194
-0.227734,-0.487722,1.231945,-0.272599,2.732346,-0.231698,1.021481,-1.034899,-0.523001,-0.031105,-1.736418,0.176811,14.1,-1.032806
-0.414204,-0.487722,-1.034027,-0.272599,-0.386091,0.043261,0.171583,-0.227009,-0.523001,-0.666608,-0.857929,0.426798,6.29,2.067194
0.4723,-0.487722,1.015999,-0.272599,1.194724,-0.765945,1.078378,-1.027578,1.661245,1.530926,0.806576,0.399387,19.92,-14.032806
-0.410849,-0.487722,-1.266023,-0.272599,-0.576134,-0.969672,0.754777,-0.383691,-0.752922,-1.278354,-0.303094,0.376362,13.98,3.867194
-0.373733,-0.487722,-0.180458,-0.272599,-0.092387,0.138713,-0.048892,-0.124805,-0.637962,-0.619094,-0.025677,0.422522,10.36,0.567194
-0.394346,0.048772,-0.476654,-0.272599,-0.265154,0.131589,0.914799,1.212979,-0.523001,-0.577519,-1.505237,0.393028,20.45,-7.532806
1.916827,-0.487722,1.015999,-0.272599,1.255192,-2.73055,0.804561,-1.119752,1.661245,1.530926,0.806576,-0.776759,30.63,-13.732806
-0.395892,-0.487722,-0.375976,-0.272599,-0.299707,-0.210329,0.669431,-0.513562,-0.523001,-0.143951,1.13023,0.414409,13.44,-3.232806
-0.415325,0.585267,-0.915841,-0.272599,-1.11171,0.476357,0.064902,0.76328,-0.637962,-0.755697,0.251741,0.427127,7.22,1.367194
-0.400146,-0.487722,-0.75534,-0.272599,-0.481112,-0.453945,-1.364633,0.024842,-0.523001,-0.767576,0.344213,0.403006,10.13,2.167194
-0.39198,-0.487722,-0.180458,-0.272599,-0.092387,-0.716082,0.11113,0.1125,-0.637962,-0.619094,-0.025677,0.441052,15.94,-2.732806
-0.211013,-0.487722,1.231945,-0.272599,0.434551,-0.58074,0.377835,-0.650848,-0.523001,-0.031105,-1.736418,-1.415104,12.14,1.267194
0.323471,-0.487722,1.015999,-0.272599,0.253146,-0.174712,1.025037,-0.755382,1.661245,1.530926,0.806576,-0.591133,24.1,-9.232806
-0.414046,2.516647,-1.298123,-0.272599,-1.336307,1.077563,-2.082957,1.917048,-0.523001,-0.298373,-1.690182,0.163434,4.74,6.467194
-0.414266,-0.487722,0.406098,-0.272599,-1.016689,0.376631,-0.624974,1.029344,-0.637962,-0.708183,-1.135347,0.396646,7.39,4.567194
-0.416132,2.945843,-1.403178,-0.272599,-1.301754,1.409508,-1.076593,1.670427,-0.867883,-0.470612,-2.707379,0.389519,6.62,12.067194
0.722674,-0.487722,1.015999,-0.272599,1.00468,0.725672,1.074822,-1.158495,1.661245,1.530926,0.806576,0.441052,21.24,-9.232806
-0.169727,-0.487722,1.231945,-0.272599,2.732346,-0.93548,1.117494,-1.083101,-0.523001,-0.031105,-1.736418,-2.054765,16.65,-6.932806
0.262832,-0.487722,1.015999,-0.272599,1.194724,0.17148,0.975252,-1.006947,1.661245,1.530926,0.806576,0.441052,19.37,-10.032806
-0.144873,-0.487722,1.231945,-0.272599,2.732346,-1.93559,0.964584,-1.109627,-0.523001,-0.031105,-1.736418,0.384147,29.53,-7.932806
0.436817,-0.487722,1.015999,-0.272599,1.073787,-0.130548,0.338718,-0.883922,1.661245,1.530926,0.806576,-2.85012,21.52,-11.532806
-0.415517,1.765555,-0.848722,-0.272599,-1.293115,0.399425,-1.624226,1.674325,-0.408041,-0.684426,-0.857929,0.164969,9.51,2.267194
-0.403017,-0.487722,2.117615,-0.272599,0.227231,-0.610658,1.010813,-0.879738,-0.867883,-1.308051,0.297977,0.14951,25.41,-5.232806
-0.396375,-0.487722,2.422565,-0.272599,0.469104,-1.697672,1.046373,-0.937638,-0.637962,1.798194,0.76034,-0.419321,29.68,-14.432806
-0.40713,-0.487722,-1.203282,-0.272599,-0.947582,-0.173287,0.036453,-0.142536,-0.867883,-0.785394,-0.210622,0.385463,11.34,-1.132806
0.05631,-0.487722,1.231945,-0.272599,2.732346,-1.163425,1.117494,-1.13292,-0.523001,-0.031105,-1.736418,0.441052,26.42,-6.932806
-0.409751,0.799865,-0.905627,-0.272599,-1.094434,0.457836,-0.937907,1.138441,-0.408041,-0.642851,-0.857929,0.2972,7.37,0.767194
-0.409341,1.22906,-0.689681,-0.272599,-0.930305,0.811152,-0.91657,0.224497,-0.637962,-0.916058,-0.395567,0.441052,2.98,9.467194
-0.406456,-0.487722,-1.203282,-0.272599,-0.947582,2.542112,0.264041,-0.142536,-0.867883,-0.785394,-0.210622,0.441052,4.21,16.167194
-0.418529,3.375039,-1.330223,-0.272599,-1.249924,0.631645,-1.154826,3.960518,-0.523001,-1.31399,-0.672984,0.304655,4.5,7.567194
-0.409696,-0.487722,2.117615,-0.272599,0.227231,-0.461069,0.865014,-0.811998,-0.867883,-1.308051,0.297977,0.234812,17.93,-2.032806
-0.408871,-0.487722,-1.266023,-0.272599,-0.576134,0.396576,0.961028,-0.45067,-0.752922,-1.278354,-0.303094,0.441052,5.68,9.967194
-0.417984,3.053142,-1.328764,-0.272599,-1.206732,1.888194,-1.880262,1.176518,-0.867883,-0.357765,-1.736418,0.424386,3.11,19.767194
-0.38097,0.456508,-0.769931,-0.272599,-1.068519,-0.251644,-1.197499,2.02529,-0.293081,-0.464673,0.297977,0.367371,9.16,1.767194
-0.143716,-0.487722,1.015999,-0.272599,0.244507,-0.589288,-0.948575,-0.033772,1.661245,1.530926,0.806576,0.154115,13.34,-1.932806
-0.416401,0.971543,-0.736372,-0.272599,-1.051242,0.435042,-1.001916,0.806539,-0.293081,-0.470612,-1.08911,0.428443,9.5,-0.532806
-0.415512,2.945843,-1.346273,-0.272599,-1.224009,-0.885617,-1.659786,3.228069,-0.637962,-0.440915,1.638828,0.286454,8.05,-4.332806
5.530321,-0.487722,1.015999,-0.272599,0.365444,-0.751699,1.117494,-1.13235,1.661245,1.530926,0.806576,-3.882195,10.11,-7.532806
0.733504,-0.487722,1.015999,-0.272599,1.194724,-0.616356,0.32805,-1.090802,1.661245,1.530926,0.806576,-0.202994,29.97,-16.232806
-0.418231,2.945843,-1.36816,-0.272599,-1.465882,-0.077835,-1.318405,2.516679,-0.982843,-0.993269,-0.118149,-0.165277,12.93,-2.432806
-0.400848,-0.487722,2.117615,-0.272599,0.227231,-0.425452,0.704992,-0.856683,-0.867883,-1.308051,0.297977,0.310795,14.81,-1.132806
-0.414141,0.928623,-1.306878,-0.272599,-0.714347,0.472083,-0.372493,-0.202052,-0.293081,-1.106115,-0.025677,0.402238,8.93,5.867194
-0.348983,-0.487722,-0.720322,-0.272599,-0.412006,0.474932,0.434732,-0.248591,-0.17812,-0.601276,-0.488039,0.441052,7.6,7.567194
0.981571,-0.487722,1.015999,-0.272599,0.512296,-0.906987,0.676543,-0.876506,1.661245,1.530926,0.806576,-0.714043,14.1,-1.732806
-0.407222,-0.487722,0.401721,3.668398,-0.040557,0.125891,0.847234,-0.205237,-0.523001,-0.785394,-0.950402,0.406405,10.5,0.467194
-0.317964,-0.487722,1.568995,-0.272599,0.598679,-0.922658,0.929023,-0.862863,-0.637962,0.170831,1.268938,0.441052,18.34,-8.232806
0.60265,-0.487722,1.015999,-0.272599,0.253146,-1.025233,0.072014,-0.823122,1.661245,1.530926,0.806576,-3.870682,17.16,-10.832806
-0.41134,2.945843,-0.902709,-0.272599,-1.241285,1.230001,-1.453535,0.628275,-0.637962,-0.969512,0.344213,0.441052,3.56,14.767194
-0.414672,1.014463,-0.740749,-0.272599,-1.008914,-0.824357,-1.428642,1.352738,-0.982843,-0.619094,-0.71922,0.409475,12.43,-5.432806
9.933931,-0.487722,1.015999,-0.272599,1.00468,0.973563,0.829454,-1.130686,1.661245,1.530926,0.806576,0.441052,17.21,-12.132806
0.257241,-0.487722,1.015999,-0.272599,-0.196047,-0.060739,-0.137794,-0.176287,1.661245,1.530926,0.806576,0.441052,10.74,0.467194
0.184829,-0.487722,1.015999,3.668398,1.859875,-0.224575,0.527189,-0.509759,1.661245,1.530926,0.806576,0.424934,11.48,0.167194
-0.404105,-0.487722,0.406098,-0.272599,-1.016689,-0.704685,-0.37605,1.200287,-0.637962,-0.708183,-1.135347,0.441052,15.84,-2.232806
-0.410976,-0.487722,0.406098,-0.272599,-1.016689,-0.392685,-0.934351,0.811768,-0.637962,-0.708183,-1.135347,0.441052,10.4,-0.832806
0.340419,-0.487722,1.015999,3.668398,0.659147,1.041946,1.028593,-1.232462,1.661245,1.530926,0.806576,0.387875,2.96,27.467194
1.171247,-0.487722,1.015999,-0.272599,1.600725,-0.49811,0.687212,-0.938589,1.661245,1.530926,0.806576,-3.154709,34.02,-14.132806
-0.40617,-0.487722,-0.164408,-0.272599,-0.066472,-0.529452,0.865014,-0.685312,-0.408041,0.141134,-0.303094,0.419671,16.21,-3.732806
-0.413791,-0.487722,-1.266023,-0.272599,-0.576134,0.990659,-0.361825,-0.459227,-0.752922,-1.278354,-0.303094,0.441052,5.04,14.667194
-0.113818,-0.487722,-0.180458,-0.272599,-0.092387,-1.868631,-1.094373,-0.606401,-0.637962,-0.619094,-0.025677,-0.068243,12.64,-6.432806
-0.41761,-0.487722,-1.349191,-0.272599,-0.316984,0.363809,-0.315597,1.175045,-0.982843,0.081741,-1.181583,0.364959,8.65,-6.032806
-0.414602,-0.487722,-0.867691,-0.272599,-0.342899,0.044685,-1.083705,1.266078,-0.523001,-1.094237,0.806576,0.362218,5.68,-0.332806
0.142225,-0.487722,1.015999,-0.272599,0.244507,-0.540849,-0.54674,-0.30554,1.661245,1.530926,0.806576,0.345881,11.45,-1.932806
0.533811,-0.487722,1.015999,-0.272599,1.36749,-0.496685,0.416951,-0.4829,1.661245,1.530926,0.806576,-3.872327,16.94,-9.032806
-0.381943,-0.487722,-0.720322,-0.272599,-0.412006,2.795701,0.064902,-0.068046,-0.17812,-0.601276,-0.488039,0.244242,3.95,25.767194
-0.377552,-0.487722,-0.180458,-0.272599,-0.092387,0.402275,0.665875,-0.091624,-0.637962,-0.619094,-0.025677,0.427785,9.28,1.267194
-0.159567,-0.487722,1.231945,-0.272599,0.434551,-0.613507,0.825898,-0.652702,-0.523001,-0.031105,-1.736418,0.421426,11.64,0.167194
-0.382971,-0.487722,1.568995,-0.272599,0.598679,-0.488137,0.886351,-0.869043,-0.637962,0.170831,1.268938,0.236567,16.9,-5.132806
-0.415087,2.945843,-1.403178,-0.272599,-1.301754,1.17159,-1.137046,1.670427,-0.867883,-0.470612,-2.707379,-0.02592,8.61,7.767194
-0.343303,0.370669,-1.0457,-0.272599,0.797361,1.493563,1.117494,-0.903412,-0.523001,-0.856665,-2.522434,0.291827,7.79,13.467194
-0.353569,-0.487722,-0.720322,-0.272599,-0.412006,2.92392,0.168027,0.020611,-0.17812,-0.601276,-0.488039,0.320554,2.47,19.167194
-0.400578,-0.487722,-0.164408,-0.272599,-0.066472,-0.508082,0.69788,-0.633164,-0.408041,0.141134,-0.303094,-0.128985,15.76,-4.232806
-0.412489,-0.487722,2.117615,-0.272599,0.227231,-0.590712,0.040009,-0.730805,-0.867883,-1.308051,0.297977,0.356078,14.37,-0.532806
-0.412087,2.087452,-1.378373,-0.272599,-1.241285,-0.570767,-1.780692,3.2873,-0.637962,0.016409,-0.071913,0.390945,7.79,-3.932806
-0.383821,-0.487722,-0.720322,-0.272599,-0.437921,2.82277,0.34583,-0.428138,-0.17812,-0.601276,-0.488039,0.311124,4.14,22.267194
1.990294,-0.487722,1.015999,-0.272599,0.901021,-3.058221,1.117494,-1.244014,1.661245,1.530926,0.806576,0.148523,23.34,-10.632806
-0.413359,-0.487722,-0.867691,-0.272599,-0.342899,-0.451096,-0.358269,0.483525,-0.523001,-1.094237,0.806576,0.441052,9.29,-3.832806
-0.390359,-0.487722,1.568995,-0.272599,0.598679,-0.842877,0.975252,-0.953944,-0.637962,0.170831,1.268938,0.388533,17.19,-6.332806
-0.419242,1.872854,-1.296664,-0.272599,-1.431329,0.239864,-1.30418,1.669619,-0.982843,-0.642851,-1.459,0.41715,8.23,-0.532806
1.684046,-0.487722,1.015999,-0.272599,1.073787,0.212795,1.117494,-0.931886,1.661245,1.530926,0.806576,-3.611923,29.05,-15.332806
-0.405253,-0.487722,-0.375976,-0.272599,-0.299707,-0.224575,0.591198,-0.795123,-0.523001,-0.143951,1.13023,0.34007,14.09,-2.132806
1.732178,-0.487722,1.015999,-0.272599,0.978765,-3.058221,1.117494,-1.263551,1.661245,1.530926,0.806576,0.441052,37.97,-8.732806
0.455309,-0.487722,1.015999,-0.272599,1.36749,0.188576,1.057042,-0.765365,1.661245,1.530926,0.806576,-0.575234,19.31,-9.532806
-0.382135,-0.487722,1.568995,-0.272599,0.598679,-0.659096,0.953916,-0.629932,-0.637962,0.170831,1.268938,0.351035,15.03,-4.132806
1.153105,-0.487722,1.015999,-0.272599,0.659147,-3.450002,1.117494,-1.085954,1.661245,1.530926,0.806576,-2.469766,13.33,0.567194
-0.40624,-0.487722,-0.616727,-0.272599,-0.921667,-0.307205,-1.01614,0.915493,-0.752922,-1.040783,-0.256858,0.35871,9.55,-1.332806
-0.399688,-0.487722,-0.211099,-0.272599,0.261784,-0.875644,-1.414418,-0.473678,-0.408041,-0.102376,0.344213,0.401471,17.6,0.567194
-0.416347,2.945843,-1.133246,-0.272599,-1.353584,0.007644,-1.805585,1.338857,-0.637962,-0.423098,-1.08911,0.441052,4.67,0.967194
-0.418771,3.375039,-1.44841,3.668398,-1.327669,2.334112,-1.556661,0.993501,-0.982843,-1.248658,-2.245017,0.425921,3.16,27.467194
-0.413843,-0.487722,-0.969827,-0.272599,-0.913029,0.492028,-0.443615,0.305499,-0.752922,-0.957633,0.02056,0.390616,6.53,4.067194
-0.408543,0.799865,-0.905627,-0.272599,-1.094434,0.104521,-0.557408,1.540413,-0.408041,-0.642851,-0.857929,0.176263,11.22,-0.332806
-0.413998,-0.487722,-1.266023,-0.272599,-0.576134,2.203043,-0.532516,-0.283245,-0.752922,-1.278354,-0.303094,0.394234,4.45,27.467194
1.425197,-0.487722,1.015999,-0.272599,1.073787,-0.553671,0.953916,-0.896281,1.661245,1.530926,0.806576,-3.826496,24.39,-14.232806
-0.254683,-0.487722,1.231945,-0.272599,2.732346,0.321069,1.117494,-0.964592,-0.523001,-0.031105,-1.736418,0.083723,7.39,0.767194
-0.409604,0.048772,-0.476654,-0.272599,-0.265154,-0.563644,-1.0517,0.787143,-0.523001,-0.577519,-1.505237,0.37088,15.71,-0.832806
-0.41305,-0.487722,-0.75534,-0.272599,-0.481112,-0.500959,-0.013332,-0.206663,-0.523001,-0.767576,0.344213,0.441052,9.68,-3.632806
-0.330562,-0.487722,-0.437258,-0.272599,-0.144217,0.299699,0.918355,0.313581,-0.637962,-0.601276,1.176466,0.342811,12.8,-4.132806
-0.280006,-0.487722,1.231945,-0.272599,0.434551,-0.583589,0.925467,-0.650848,-0.523001,-0.031105,-1.736418,-0.70593,14.43,-5.132806
-0.034036,-0.487722,1.231945,3.668398,2.732346,-1.256028,1.117494,-1.175798,-0.523001,-0.031105,-1.736418,0.441052,26.82,-9.132806
0.696166,-0.487722,1.015999,-0.272599,1.194724,0.170055,1.117494,-1.024916,1.661245,1.530926,0.806576,0.213103,20.31,-10.432806
-0.417144,1.22906,-1.442573,-0.272599,-1.085795,0.932248,-1.211723,2.375447,-0.982843,-0.434976,0.575395,0.363753,5.89,4.067194
-0.373071,-0.487722,-0.720322,3.668398,-0.412006,-0.171863,0.808118,-0.355121,-0.17812,-0.601276,-0.488039,0.422851,21.46,-0.832806
-0.406315,-0.487722,-1.203282,-0.272599,-0.947582,0.484905,-0.383162,-0.142536,-0.867883,-0.785394,-0.210622,0.014319,6.65,5.867194
-0.41547,0.413589,-0.802031,-0.272599,-0.999412,-0.241671,-0.198247,1.435452,-0.637962,-0.98139,-0.765457,0.408926,9.43,-2.032806
-0.407333,0.799865,-0.905627,-0.272599,-1.094434,0.872412,-0.507624,1.20794,-0.408041,-0.642851,-0.857929,0.379103,11.38,-0.532806
1.358597,-0.487722,1.015999,-0.272599,1.00468,0.519097,0.879239,-1.164722,1.661245,1.530926,0.806576,0.069579,23.24,-8.632806
0.648606,-0.487722,1.015999,-0.272599,1.255192,-1.066548,1.117494,-1.052773,1.661245,1.530926,0.806576,0.441052,23.6,-11.232806
-0.412788,-0.487722,-1.034027,-0.272599,-0.386091,0.8197,0.207144,-0.418203,-0.523001,-0.666608,-0.857929,0.379323,6.92,7.367194
-0.405687,-0.487722,-0.616727,-0.272599,-0.921667,0.69148,-2.335437,0.915493,-0.752922,-1.040783,-0.256858,0.315071,4.84,4.067194
2.14564,-0.487722,1.015999,-0.272599,1.600725,-0.664795,0.847234,-0.916912,1.661245,1.530926,0.806576,0.381296,22.11,-12.032806
0.195452,-0.487722,1.015999,-0.272599,1.255192,-0.332849,0.495184,-0.773541,1.661245,1.530926,0.806576,0.237992,18.76,0.667194
-0.393788,-0.487722,-0.07978,-0.272599,-0.567496,0.058932,-0.571633,0.266139,-0.637962,-0.779455,0.066796,0.418794,10.97,1.867194
-0.413385,0.370669,-1.139082,3.668398,-0.965723,1.938057,-0.671202,0.67353,-0.523001,-1.141751,-1.643945,0.223629,3.01,23.467194
-0.414909,2.945843,-1.09385,-0.272599,-1.405414,-0.251644,-1.300624,2.579,-0.982843,-0.553762,-0.950402,0.397085,6.57,-0.632806
0.840293,-0.487722,1.015999,-0.272599,1.073787,0.708576,0.790337,-0.939112,1.661245,1.530926,0.806576,-3.674201,25.79,-15.032806
-0.412482,-0.487722,-1.306878,-0.272599,-0.835284,1.228577,-0.51118,1.077737,-0.752922,-1.106115,0.113032,0.441052,5.33,13.667194
-0.418728,3.375039,-1.0778,-0.272599,-1.388137,1.665947,-1.222391,1.20794,-0.752922,-0.975451,-1.181583,0.325268,3.11,21.467194
0.539339,-0.487722,1.015999,-0.272599,1.36749,1.579043,1.092602,-0.638108,1.661245,1.530926,0.806576,0.210471,16.74,-4.732806
-0.403217,-0.487722,-0.375976,-0.272599,-0.299707,0.63022,0.402727,-0.483566,-0.523001,-0.143951,1.13023,0.417588,9.42,4.967194
-0.376047,-0.487722,-0.720322,-0.272599,-0.437921,2.500797,0.637427,-0.275402,-0.17812,-0.601276,-0.488039,0.336671,3.13,15.067194
0.750465,-0.487722,1.015999,-0.272599,0.253146,0.781234,0.914799,-0.81138,1.661245,1.530926,0.806576,-3.018971,19.69,-8.432806
-0.404165,-0.487722,-0.07978,-0.272599,-0.567496,0.12874,-1.289956,0.071475,-0.637962,-0.779455,0.066796,0.319457,9.38,5.567194
1.004729,-0.487722,1.015999,-0.272599,0.253146,-0.637726,-0.315597,-0.854449,1.661245,1.530926,0.806576,-3.64043,15.69,-12.332806
-0.151241,-0.487722,1.231945,-0.272599,0.434551,-0.576466,1.021481,-0.668532,-0.523001,-0.031105,-1.736418,-0.09368,12.03,-3.432806
-0.41099,-0.487722,-1.203282,-0.272599,-0.947582,2.187372,-1.126378,-0.142536,-0.867883,-0.785394,-0.210622,0.404102,3.57,21.267194
-0.416311,2.945843,-0.902709,-0.272599,-1.241285,0.492028,-1.606445,0.628275,-0.637962,-0.969512,0.344213,0.441052,4.7,5.367194
-0.397473,-0.487722,-0.07978,-0.272599,-0.567496,-0.146219,-0.930794,0.071475,-0.637962,-0.779455,0.066796,0.405198,9.47,2.467194
-0.400535,0.585267,-0.876445,-0.272599,-0.878475,-0.453945,0.882795,1.437258,-0.17812,-0.73788,0.575395,0.234703,14.44,-6.532806
-0.393837,-0.487722,-0.616727,-0.272599,-0.921667,-0.362767,0.601866,0.900519,-0.752922,-1.040783,-0.256858,0.39544,18.8,-5.932806
-0.258993,-0.487722,-0.437258,-0.272599,-0.144217,-0.47674,0.477404,0.092677,-0.637962,-0.601276,1.176466,-1.360392,27.71,-9.332806
-0.353214,0.370669,-1.0457,-0.272599,0.175401,2.866934,-0.056004,-0.652892,-0.523001,-0.856665,-2.522434,0.305532,7.44,27.467194
-0.392468,-0.487722,-0.548149,-0.272599,-0.532942,-0.28726,-0.884566,0.770506,-0.523001,-0.720062,0.529158,0.441052,12.79,-0.332806
-0.418448,3.589637,-1.410473,-0.272599,-1.310392,1.211481,-1.944271,1.834144,-0.752922,-0.037044,-0.672984,0.302901,4.45,10.367194
0.212686,-0.487722,1.015999,-0.272599,1.36749,0.527645,1.053485,-0.684457,1.661245,1.530926,0.806576,-0.015175,17.73,-7.332806
-0.309291,-0.487722,-0.437258,-0.272599,-0.144217,-0.338548,0.719216,0.312963,-0.637962,-0.601276,1.176466,-0.551442,17.28,-7.732806
0.585501,-0.487722,1.015999,-0.272599,1.194724,-0.130548,0.854346,-0.952565,1.661245,1.530926,0.806576,0.441052,15.17,-8.732806
-0.358025,-0.487722,-0.720322,-0.272599,-0.437921,-0.432575,-0.016888,-0.058728,-0.17812,-0.601276,-0.488039,0.237663,11.65,1.767194
-0.357663,0.370669,-1.0457,-0.272599,0.797361,1.308358,0.470292,-0.800019,-0.523001,-0.856665,-2.522434,0.396098,9.59,11.267194
-0.415176,1.765555,-0.848722,-0.272599,-1.293115,0.043261,-0.817001,1.674325,-0.408041,-0.684426,-0.857929,0.441052,7.6,-0.232806
-0.207116,-0.487722,1.231945,3.668398,0.434551,2.161728,1.053485,-0.83396,-0.523001,-0.031105,-1.736418,0.361122,1.92,27.467194
0.666279,-0.487722,1.015999,-0.272599,1.073787,0.135863,0.961028,-0.868425,1.661245,1.530926,0.806576,-3.244946,24.08,-13.032806
-0.391447,-0.487722,1.568995,-0.272599,0.598679,-0.609233,1.053485,-1.010845,-0.637962,0.170831,1.268938,0.387765,21.32,-9.232806
-0.407685,0.585267,-0.876445,-0.272599,-0.878475,0.244138,-0.027556,1.630734,-0.17812,-0.73788,0.575395,0.441052,6.73,-0.332806
-0.355607,-0.487722,1.568995,-0.272599,0.598679,0.071754,1.053485,-0.800685,-0.637962,0.170831,1.268938,0.416601,16.96,-4.432806
-0.382646,-0.487722,1.568995,-0.272599,0.598679,0.208521,1.074822,-0.94244,-0.637962,0.170831,1.268938,0.441052,15.39,-4.532806
0.246436,-0.487722,1.015999,-0.272599,-0.196047,1.106056,0.299601,-0.182752,1.661245,1.530926,0.806576,0.42329,7.01,2.467194
-0.395935,0.048772,-0.476654,-0.272599,-0.265154,-0.931206,1.117494,1.087196,-0.523001,-0.577519,-1.505237,0.328448,29.93,-6.032806
-0.385202,-0.487722,-0.548149,-0.272599,-0.532942,0.038987,-1.410862,0.770506,-0.523001,-0.720062,0.529158,0.441052,6.15,0.467194
1.101074,-0.487722,1.015999,-0.272599,0.218592,-0.814384,-0.422278,-0.461746,1.661245,1.530926,0.806576,0.441052,14.76,-2.432806
-0.418247,0.26337,-1.423605,-0.272599,-1.19723,1.167316,-0.322709,2.580236,-0.752922,-1.141751,0.066796,0.400922,8.05,10.467194
-0.415377,2.516647,-1.298123,-0.272599,-1.336307,0.835371,-0.752992,1.917048,-0.523001,-0.298373,-1.690182,0.374827,6.07,2.267194
-0.346276,-0.487722,-0.437258,-0.272599,-0.144217,-0.26874,0.566306,0.317003,-0.637962,-0.601276,1.176466,0.255974,10.26,-4.332806
-0.135789,-0.487722,1.231945,-0.272599,2.732346,-1.442658,0.904131,-0.978615,-0.523001,-0.031105,-1.736418,-2.938931,16.14,-9.432806
-0.416608,2.731245,-1.194528,-0.272599,-1.094434,1.053344,-1.876706,0.76347,-0.752922,-0.927937,-0.071913,0.427018,1.98,12.367194
1.658688,-0.487722,1.015999,-0.272599,1.00468,-0.087808,1.117494,-1.145137,1.661245,1.530926,0.806576,0.406405,21.78,-12.332806
-0.052359,-0.487722,1.015999,-0.272599,0.866467,-0.74885,-0.724543,-0.346327,1.661245,1.530926,0.806576,-0.24422,14.13,-2.632806
0.970271,-0.487722,1.015999,-0.272599,0.901021,-0.963973,1.117494,-1.193102,1.661245,1.530926,0.806576,-0.269548,12.13,5.367194
-0.415211,-0.487722,0.401721,3.668398,-0.040557,-0.565069,-0.447171,-0.32465,-0.523001,-0.785394,-0.950402,0.396098,13.51,0.767194
-0.396035,0.370669,-1.139082,-0.272599,-0.965723,0.751316,-1.293512,0.1453,-0.523001,-1.141751,-1.643945,0.441052,4.85,12.567194
0.672301,-0.487722,1.015999,-0.272599,1.600725,-0.936905,0.900575,-0.940205,1.661245,1.530926,0.806576,0.441052,22.88,-9.732806
-0.407764,-0.487722,0.115738,-0.272599,0.158124,0.725672,0.736996,-0.668437,-0.982843,-0.803212,1.176466,0.403225,6.48,-0.532806
-0.416979,-0.487722,-0.867691,-0.272599,-0.342899,-0.555096,-0.319153,0.865152,-0.523001,-1.094237,0.806576,0.418136,10.56,-4.032806
-0.359936,-0.487722,-0.720322,3.668398,-0.412006,0.493453,0.281821,0.167785,-0.17812,-0.601276,-0.488039,0.348403,9.54,2.567194
-0.391193,-0.487722,-0.07978,-0.272599,-0.567496,-0.714658,0.146691,0.266139,-0.637962,-0.779455,0.066796,0.359148,18.06,-0.032806
-0.395242,-0.487722,-0.07978,3.668398,-0.567496,-0.680466,-0.525404,-0.067713,-0.637962,-0.779455,0.066796,0.375704,16.03,-0.132806
-0.405468,-0.487722,0.406098,-0.272599,-1.016689,0.560412,-1.332629,1.029344,-0.637962,-0.708183,-1.135347,0.441052,6.27,6.067194
0.353937,-0.487722,1.015999,-0.272599,1.36749,0.04611,0.512965,-0.504197,1.661245,1.530926,0.806576,0.441052,13.99,-3.032806
-0.395603,0.456508,-0.769931,-0.272599,-1.068519,0.218494,-2.122074,1.712117,-0.293081,-0.464673,0.297977,0.223629,3.59,2.267194
-0.387983,-0.487722,-0.211099,-0.272599,0.261784,-0.510932,-0.923682,-0.671859,-0.408041,-0.102376,0.344213,0.441052,13.59,1.967194
0.49177,-0.487722,1.015999,-0.272599,0.866467,-0.107753,-0.112901,-0.395337,1.661245,1.530926,0.806576,0.441052,13.22,-1.132806
-0.40888,0.971543,-0.736372,-0.272599,-1.051242,0.993508,-1.809141,0.806539,-0.293081,-0.470612,-1.08911,0.370113,4.86,10.567194
-0.413289,1.22906,-1.442573,-0.272599,-1.085795,0.292576,-0.859673,2.375447,-0.982843,-0.434976,0.575395,0.441052,5.98,0.367194
-0.409968,0.370669,-0.609431,3.668398,-0.783454,-0.51948,-0.251588,0.058212,-0.752922,-1.100176,0.066796,0.38009,13.65,-1.832806
-0.416508,3.053142,-1.328764,-0.272599,-1.206732,-0.174712,-1.073037,1.176518,-0.867883,-0.357765,-1.736418,0.406733,7.43,1.567194
-0.250221,-0.487722,1.231945,-0.272599,0.434551,1.71581,0.790337,-0.867141,-0.523001,-0.031105,-1.736418,0.194683,1.73,27.467194
-0.401972,-0.487722,-0.616727,-0.272599,-0.921667,-0.104904,-2.207419,0.915493,-0.752922,-1.040783,-0.256858,0.414299,7.44,2.167194
-0.412356,-0.487722,0.401721,-0.272599,-0.040557,0.509124,0.587642,-0.177761,-0.523001,-0.785394,-0.950402,0.395879,9.69,6.167194
1.236195,-0.487722,1.015999,-0.272599,1.194724,0.083151,1.117494,-1.055768,1.661245,1.530926,0.806576,0.441052,20.32,-15.332806
-0.409965,1.443658,-1.123032,-0.272599,-1.016689,0.949344,-1.67401,1.276251,-0.523001,-0.060801,-1.505237,0.230317,5.1,14.467194
-0.379857,-0.487722,-0.180458,-0.272599,-0.092387,-0.445397,0.288933,-0.329213,-0.637962,-0.619094,-0.025677,0.433815,9.97,-2.232806
-0.344101,0.370669,-1.0457,-0.272599,0.797361,0.794056,1.117494,-0.848221,-0.523001,-0.856665,-2.522434,0.386559,6.9,7.567194
-0.405084,-0.487722,-0.375976,-0.272599,-0.299707,-0.617781,1.000145,-0.802491,-0.523001,-0.143951,1.13023,0.409804,16.47,-3.032806
-0.414721,0.413589,-0.802031,-0.272599,-0.999412,-0.408356,-1.677566,1.435452,-0.637962,-0.98139,-0.765457,0.441052,8.43,0.867194
0.528127,-0.487722,1.015999,-0.272599,1.255192,-1.274549,1.078378,-0.982561,1.661245,1.530926,0.806576,0.441052,20.85,-11.032806
-0.417339,-0.487722,-0.593381,-0.272599,-0.740262,0.194274,0.367166,0.55716,-0.867883,-0.987329,-0.303094,0.441052,9.14,-0.932806
0.311246,-0.487722,1.015999,-0.272599,1.600725,0.080302,0.989476,-0.819081,1.661245,1.530926,0.806576,-0.423926,17.79,-7.632806
-0.402961,-0.487722,2.422565,-0.272599,0.469104,-1.18337,0.857902,-0.938447,-0.637962,1.798194,0.76034,0.421206,18.06,-7.332806
-0.394942,-0.487722,-0.616727,-0.272599,-0.921667,-0.972521,-0.233807,1.089859,-0.752922,-1.040783,-0.256858,0.441052,16.2,-3.132806
0.954118,-0.487722,1.015999,-0.272599,1.410682,0.768412,0.281821,-0.951234,1.661245,1.530926,0.806576,-3.379479,22.74,-14.132806
-0.415731,0.585267,-0.915841,-0.272599,-1.11171,0.63022,-1.247284,0.76328,-0.637962,-0.755697,0.251741,0.441052,5.29,5.467194
-0.404642,-0.487722,-0.07978,-0.272599,-0.567496,-0.560795,-1.645562,0.071475,-0.637962,-0.779455,0.066796,0.441052,10.87,0.067194
-0.232828,-0.487722,-0.437258,-0.272599,-0.144217,-0.26874,1.007257,-0.016753,-0.637962,-0.601276,1.176466,-1.188142,20.34,-9.032806
0.567739,-0.487722,1.015999,-0.272599,0.253146,0.090274,0.623203,-0.828256,1.661245,1.530926,0.806576,-2.995726,17.64,-8.032806
-0.324479,0.370669,-1.0457,-0.272599,0.797361,1.485015,0.921911,-0.815849,-0.523001,-0.856665,-2.522434,0.402896,11.25,8.467194
3.96232,-0.487722,1.015999,-0.272599,1.073787,-0.117726,0.360054,-0.918481,1.661245,1.530926,0.806576,-3.704353,14.52,-11.632806
0.009709,-0.487722,1.015999,-0.272599,1.410682,-1.882878,0.811674,-0.971057,1.661245,1.530926,0.806576,-0.445636,14,-0.632806
-0.415942,-0.487722,-1.127409,-0.272599,-0.567496,0.17148,0.189364,-0.334157,-0.867883,-0.82103,-0.303094,0.404321,8.2,-0.532806
-0.41412,-0.487722,-0.867691,-0.272599,-0.342899,-0.426877,-0.824113,0.483525,-0.523001,-1.094237,0.806576,0.441052,9.74,-3.532806
1.247542,-0.487722,1.015999,-0.272599,0.512296,-0.07926,0.690768,-0.876506,1.661245,1.530926,0.806576,0.292156,13.11,-1.132806
-0.41428,0.413589,-0.802031,-0.272599,-0.999412,0.322494,-1.688235,1.435452,-0.637962,-0.98139,-0.765457,0.441052,5.28,2.467194
-0.416895,-0.487722,-0.984418,-0.272599,-0.973497,-0.385562,-0.713875,2.005372,-0.752922,-0.334008,0.159268,0.317593,10.53,-5.032806
-0.356504,0.370669,-1.0457,-0.272599,0.797361,1.312632,0.818786,-0.886536,-0.523001,-0.856665,-2.522434,0.342263,8.1,13.967194
-0.408168,0.799865,-0.905627,-0.272599,-1.094434,-0.270164,-0.123569,1.20794,-0.408041,-0.642851,-0.857929,0.416053,12.4,-2.432806
-0.34723,-0.487722,-0.437258,-0.272599,-0.144217,-0.478164,-0.240919,0.433754,-0.637962,-0.601276,1.176466,0.441052,8.26,-2.132806
-0.39101,-0.487722,-0.180458,-0.272599,-0.092387,-0.825781,0.324494,0.071285,-0.637962,-0.619094,-0.025677,0.435789,11.5,-6.332806
-0.413931,-0.487722,-1.127409,-0.272599,-0.567496,1.029124,0.630315,-0.177476,-0.867883,-0.82103,-0.303094,0.441052,5.5,1.067194
2.20918,-0.487722,1.015999,-0.272599,1.255192,-1.830166,0.744108,-1.082246,1.661245,1.530926,0.806576,0.441052,31.99,-15.132806
-0.394697,0.370669,-0.609431,3.668398,-0.783454,2.003591,-0.596525,0.271653,-0.752922,-1.100176,0.066796,0.37384,6.58,12.667194
-0.186585,-0.487722,1.231945,-0.272599,0.434551,2.34266,0.982364,-0.831488,-0.523001,-0.031105,-1.736418,0.138436,3.7,27.467194
-0.412817,-0.487722,-1.152214,-0.272599,-0.818007,-0.593562,-1.5211,0.674814,-0.637962,0.129256,-0.71922,0.282507,9.97,-3.232806
-0.39269,-0.487722,-0.211099,-0.272599,0.261784,-0.378438,-0.116457,-0.658834,-0.408041,-0.102376,0.344213,0.441052,12.92,-1.332806
-0.306917,-0.487722,1.568995,-0.272599,0.598679,-0.751699,1.060598,-0.68883,-0.637962,0.170831,1.268938,-1.029707,17.31,-6.932806
-0.411786,0.928623,-1.306878,-0.272599,-0.714347,1.617508,0.118242,-0.330782,-0.293081,-1.106115,-0.025677,0.441052,6.47,10.867194
0.24185,-0.487722,1.015999,-0.272599,0.244507,-0.243096,0.399171,-0.118435,1.661245,1.530926,0.806576,0.394782,14.98,-3.432806
-0.365185,-0.487722,-0.180458,-0.272599,-0.092387,-0.24452,-0.347601,0.098334,-0.637962,-0.619094,-0.025677,0.433706,12.73,-1.532806
-0.405672,0.799865,-0.905627,-0.272599,-1.094434,0.154384,-2.16119,1.540413,-0.408041,-0.642851,-0.857929,0.197753,5.19,1.167194
-0.418935,2.731245,-1.041323,-0.272599,-1.249924,-0.565069,-0.745879,1.675513,-0.752922,0.360888,1.222702,0.441052,14.8,-3.632806
0.070856,-0.487722,1.015999,3.668398,1.859875,-0.686165,0.726328,-0.898611,1.661245,1.530926,0.806576,-0.039845,14.64,-5.732806
-0.410192,0.413589,-0.802031,-0.272599,-0.999412,-0.458219,-0.813445,1.435452,-0.637962,-0.98139,-0.765457,0.42636,13.45,-2.832806
0.009262,-0.487722,1.015999,-0.272599,1.36749,0.130165,0.704992,-0.583726,1.661245,1.530926,0.806576,0.381077,14.65,-4.832806
-0.410687,-0.487722,-1.034027,-0.272599,-0.386091,-0.606384,0.004449,-0.519646,-0.523001,-0.666608,-0.857929,0.400813,9.64,0.067194
0.821394,-0.487722,1.015999,-0.272599,1.600725,0.248411,0.93258,-0.85906,1.661245,1.530926,0.806576,-3.438577,23.98,-10.732806
-0.410777,1.443658,-1.123032,-0.272599,-1.016689,1.282714,-1.055256,0.366822,-0.523001,-0.060801,-1.505237,0.441052,5.39,12.367194
-0.415249,-0.487722,0.115738,-0.272599,0.158124,-0.234548,0.288933,-0.716639,-0.982843,-0.803212,1.176466,0.441052,9.08,-1.932806
0.256909,-0.487722,1.015999,-0.272599,1.36749,0.325343,0.758333,-0.472252,1.661245,1.530926,0.806576,0.407282,10.29,-2.332806
-0.411353,1.443658,-1.123032,-0.272599,-1.016689,0.708576,-0.977023,-0.003063,-0.523001,-0.060801,-1.505237,0.40783,6.68,9.467194
-0.135458,-0.487722,1.231945,-0.272599,0.434551,0.167206,0.946804,-0.728523,-0.523001,-0.031105,-1.736418,-0.292025,11.32,-0.232806
-0.402544,0.585267,-0.876445,-0.272599,-0.878475,-0.198931,-1.400194,1.910869,-0.17812,-0.73788,0.575395,0.372854,6.86,0.767194
-0.390974,-0.487722,-0.616727,-0.272599,-0.921667,-1.261727,0.95036,0.986371,-0.752922,-1.040783,-0.256858,0.441052,30.81,-8.132806
-0.416969,1.872854,-1.073423,-0.272599,-0.610687,0.839645,-1.439311,1.269405,-0.523001,-0.227101,-0.395567,0.34314,4.61,8.667194
-0.382062,-0.487722,-0.720322,-0.272599,-0.412006,-0.282986,-0.251588,-0.068046,-0.17812,-0.601276,-0.488039,0.22012,10.88,1.467194
-0.41095,0.456508,-0.769931,-0.272599,-1.068519,0.957892,-2.196751,2.429924,-0.293081,-0.464673,0.297977,0.322527,3.53,7.067194
-0.321363,-0.487722,-0.437258,-0.272599,-0.144217,-0.45537,0.73344,0.103277,-0.637962,-0.601276,1.176466,0.393138,13.83,-2.932806
-0.389169,-0.487722,-0.180458,-0.272599,-0.092387,-0.026548,0.505853,-0.253012,-0.637962,-0.619094,-0.025677,0.402567,7.9,-0.932806
0.370957,-0.487722,1.015999,-0.272599,1.36749,-0.290109,0.56275,-0.512231,1.661245,1.530926,0.806576,0.441052,14.7,-2.532806
-0.272321,-0.487722,1.231945,3.668398,0.434551,-0.049342,0.854346,-0.949142,-0.523001,-0.031105,-1.736418,-0.194662,5.5,4.467194
-0.408334,1.22906,-0.689681,3.668398,-0.930305,1.399536,-0.696095,0.471641,-0.637962,-0.916058,-0.395567,0.357175,6.05,10.667194
0.739321,-0.487722,1.015999,-0.272599,1.600725,0.285453,1.117494,-0.863576,1.661245,1.530926,0.806576,0.329544,18.85,-7.132806
-0.412475,1.443658,-1.123032,-0.272599,-1.016689,0.647316,-1.343297,1.276251,-0.523001,-0.060801,-1.505237,0.362218,4.69,7.967194
1.535926,-0.487722,1.015999,-0.272599,1.255192,-1.435535,1.049929,-1.126122,1.661245,1.530926,0.806576,0.441052,30.81,-15.332806
-0.410899,-0.487722,0.406098,-0.272599,-1.016689,-0.224575,-1.784248,0.811768,-0.637962,-0.708183,-1.135347,0.441052,8.58,1.367194
2.914251,-0.487722,1.015999,-0.272599,0.365444,-1.609343,1.117494,-1.048494,1.661245,1.530926,0.806576,-1.597551,20.08,-6.232806
-0.417558,1.872854,-1.073423,-0.272599,-0.610687,0.586056,-0.432946,0.920817,-0.523001,-0.227101,-0.395567,0.441052,7.18,1.367194
-0.349351,0.370669,-1.0457,-0.272599,0.797361,3.44677,0.651651,-0.947906,-0.523001,-0.856665,-2.522434,0.362109,5.12,27.467194
-0.363148,-0.487722,-0.180458,-0.272599,-0.092387,0.499151,0.495184,-0.227009,-0.637962,-0.619094,-0.025677,0.441052,4.54,0.267194
-0.102356,-0.487722,1.231945,-0.272599,2.732346,-0.979644,0.936136,-1.078775,-0.523001,-0.031105,-1.736418,-0.052892,21.45,-7.132806
-0.380944,-0.487722,1.568995,-0.272599,0.598679,0.246987,1.078378,-0.796977,-0.637962,0.170831,1.268938,0.420658,12.6,-3.332806
-0.246386,-0.487722,1.231945,-0.272599,2.732346,-1.254603,1.117494,-1.047449,-0.523001,-0.031105,-1.736418,-0.165277,13.28,-2.932806
0.075385,-0.487722,1.015999,-0.272599,1.859875,-0.245945,0.452512,-0.611297,1.661245,1.530926,0.806576,0.373511,12.67,0.067194
-0.412534,-0.487722,-1.203282,-0.272599,-0.947582,1.61181,-0.216027,-0.142536,-0.867883,-0.785394,-0.210622,0.441052,6.19,10.667194
0.541569,-0.487722,1.015999,3.668398,0.978765,-0.583589,0.747665,-1.267069,1.661245,1.530926,0.806576,-0.096421,8.88,27.467194
-0.412196,-0.487722,-0.969827,-0.272599,-0.913029,-0.233123,-0.418722,-0.022553,-0.752922,-0.957633,0.02056,0.421864,8.44,-0.332806
0.481635,-0.487722,1.015999,-0.272599,1.36749,0.023315,0.537857,-0.481046,1.661245,1.530926,0.806576,-0.926094,16.23,-7.632806
-0.415229,-0.487722,-1.152214,-0.272599,-0.818007,-0.200356,-1.293512,0.988082,-0.637962,0.129256,-0.71922,0.130432,9.09,-2.732806
-0.386822,-0.487722,-0.07978,-0.272599,-0.567496,-1.243206,-2.090069,-0.098659,-0.637962,-0.779455,0.066796,-0.084908,29.55,1.167194
0.018789,-0.487722,1.015999,-0.272599,0.866467,-0.47389,0.573418,-0.439024,1.661245,1.530926,0.806576,-3.669376,17.15,-3.532806
-0.412179,-0.487722,2.117615,-0.272599,0.227231,-0.399808,0.552081,-0.75947,-0.867883,-1.308051,0.297977,0.230207,14.27,-2.232806
-0.415,-0.487722,0.115738,-0.272599,0.158124,-0.362767,0.434732,-0.613246,-0.982843,-0.803212,1.176466,0.441052,7.88,-10.632806
-0.274843,-0.487722,-0.437258,-0.272599,-0.144217,-1.01811,1.049929,0.001358,-0.637962,-0.601276,1.176466,0.218147,21.02,-8.932806
-0.405879,1.443658,-1.123032,-0.272599,-1.016689,0.386603,-1.40375,0.366822,-0.523001,-0.060801,-1.505237,0.286893,4.56,7.267194
-0.402042,-0.487722,-0.04768,-0.272599,-1.224009,-0.461069,-1.816253,0.709373,-0.637962,-0.613155,0.344213,0.222203,9.88,-0.832806
-0.400594,-0.487722,-0.375976,-0.272599,-0.299707,-0.639151,0.829454,-0.753005,-0.523001,-0.143951,1.13023,0.427566,18.66,-3.032806
-0.385703,0.370669,-0.609431,-0.272599,-0.783454,-0.610658,-0.941463,0.301364,-0.752922,-1.100176,0.066796,0.350596,13,-1.432806
-0.418771,2.945843,-1.331682,-0.272599,-1.033965,0.499151,-1.382414,2.162434,-0.637962,-0.761637,-0.672984,0.375704,5.99,1.967194
0.878254,-0.487722,1.015999,-0.272599,1.600725,0.490603,0.925467,-0.794029,1.661245,1.530926,0.806576,-2.706267,23.27,-9.132806
-0.393896,-0.487722,-0.375976,-0.272599,-0.299707,0.17148,0.59831,-0.513562,-0.523001,-0.143951,1.13023,-3.134425,10.63,-3.932806
