0,1,2,3,4,5,6,7,y
2.477918,-0.856886,-0.847132,-0.916663,-0.620225,0.863160,-1.217658,28.000000,44.168275
2.477918,-0.856886,-0.847132,-0.916663,-0.620225,1.056170,-1.217658,28.000000,26.069530
0.491443,0.795533,-0.847132,2.175367,-1.038944,-0.526514,-2.240913,270.000000,4.451699
0.491443,0.795533,-0.847132,2.175367,-1.038944,-0.526514,-2.240913,365.000000,5.234944
-0.790432,0.678414,-0.847132,0.488805,-1.038944,0.070531,0.647908,360.000000,8.478239
-0.145186,0.465049,-0.847132,2.175367,-1.038944,-0.526514,-1.292531,90.000000,11.212012
0.946178,0.244726,-0.847132,2.175367,-1.038944,-0.526514,-2.240913,365.000000,7.880464
0.946178,0.244726,-0.847132,2.175367,-1.038944,-0.526514,-2.240913,28.000000,0.629934
-0.145186,0.465049,-0.847132,2.175367,-1.038944,-0.526514,-1.292531,28.000000,10.036455
1.855649,-0.856886,-0.847132,2.175367,-1.038944,-0.526514,-2.240913,28.000000,3.471954
-0.790432,0.678414,-0.847132,0.488805,-1.038944,0.070531,0.647908,90.000000,2.256408
-0.790432,0.678414,-0.847132,0.488805,-1.038944,0.070531,0.647908,28.000000,-7.796152
1.400913,-0.306080,-0.847132,2.175367,-1.038944,-0.526514,-2.240913,270.000000,7.195124
-0.872763,1.346339,-0.847132,2.175367,-1.038944,-0.526514,-1.292531,90.000000,6.509096
0.218602,0.024404,-0.847132,2.175367,-1.038944,-0.526514,-1.292531,28.000000,11.995946
0.946178,-0.856886,-0.847132,2.175367,-1.038944,-0.526514,-1.292531,90.000000,17.090484
-1.355261,1.571300,-0.847132,0.488805,-1.038944,0.953232,0.415805,90.000000,3.540212
0.582390,-0.416241,-0.847132,2.175367,-1.038944,-0.526514,-1.292531,365.000000,20.324126
0.946178,0.244726,-0.847132,2.175367,-1.038944,-0.526514,-2.240913,90.000000,4.745416
1.855649,-0.856886,-0.847132,2.175367,-1.038944,-0.526514,-2.240913,180.000000,6.802813
1.400913,-0.306080,-0.847132,2.175367,-1.038944,-0.526514,-2.240913,180.000000,6.018878
-1.355261,1.571300,-0.847132,0.488805,-1.038944,0.953232,0.415805,28.000000,-7.580346
-1.355261,1.571300,-0.847132,0.488805,-1.038944,0.953232,0.415805,3.000000,-27.754414
-1.355261,1.571300,-0.847132,0.488805,-1.038944,0.953232,0.415805,180.000000,8.389986
0.946178,-0.856886,-0.847132,2.175367,-1.038944,-0.526514,-1.292531,365.000000,16.698862
0.946178,-0.856886,-0.847132,2.175367,-1.038944,-0.526514,-1.292531,270.000000,17.482796
0.946178,0.244726,-0.847132,2.175367,-1.038944,-0.526514,-2.240913,270.000000,5.333539
0.582390,-0.416241,-0.847132,2.175367,-1.038944,-0.526514,-1.292531,180.000000,16.306550
1.400913,-0.306080,-0.847132,2.175367,-1.038944,-0.526514,-2.240913,28.000000,1.609679
1.855649,-0.856886,-0.847132,2.175367,-1.038944,-0.526514,-2.240913,7.000000,2.785925
0.218602,0.024404,-0.847132,2.175367,-1.038944,-0.526514,-1.292531,365.000000,19.442287
-0.145186,0.465049,-0.847132,2.175367,-1.038944,-0.526514,-1.292531,365.000000,17.090484
-0.790432,0.678414,-0.847132,0.488805,-1.038944,0.070531,0.647908,180.000000,5.901667
1.855649,-0.856886,-0.847132,2.175367,-1.038944,-0.526514,-2.240913,270.000000,6.313285
-0.872763,1.346339,-0.847132,2.175367,-1.038944,-0.526514,-1.292531,365.000000,17.874418
-0.418027,1.897145,-0.847132,2.175367,-1.038944,-0.526514,-2.240913,270.000000,2.590114
-0.418027,1.897145,-0.847132,2.175367,-1.038944,-0.526514,-2.240913,28.000000,-5.738066
0.491443,0.795533,-0.847132,2.175367,-1.038944,-0.526514,-2.240913,90.000000,1.904086
1.855649,-0.856886,-0.847132,2.175367,-1.038944,-0.526514,-2.240913,90.000000,6.411190
-0.418027,1.897145,-0.847132,2.175367,-1.038944,-0.526514,-2.240913,180.000000,0.434123
0.582390,-0.416241,-0.847132,2.175367,-1.038944,-0.526514,-1.292531,90.000000,14.641465
1.400913,-0.306080,-0.847132,2.175367,-1.038944,-0.526514,-2.240913,365.000000,7.880464
-0.418027,1.897145,-0.847132,2.175367,-1.038944,-0.526514,-2.240913,365.000000,3.177548
0.946178,-0.856886,-0.847132,2.175367,-1.038944,-0.526514,-1.292531,180.000000,17.286295
1.400913,-0.306080,-0.847132,2.175367,-1.038944,-0.526514,-2.240913,90.000000,5.725162
1.400913,-0.306080,-0.847132,2.175367,-1.038944,-0.526514,-2.240913,7.000000,-0.741434
0.649404,-0.856886,-0.847132,0.488805,-1.038944,0.953232,0.415805,3.000000,-20.768643
0.946178,0.244726,-0.847132,2.175367,-1.038944,-0.526514,-2.240913,180.000000,4.941227
-0.418027,1.897145,-0.847132,2.175367,-1.038944,-0.526514,-2.240913,7.000000,-9.559832
0.946178,0.244726,-0.847132,2.175367,-1.038944,-0.526514,-2.240913,7.000000,-2.994641
0.491443,0.795533,-0.847132,2.175367,-1.038944,-0.526514,-2.240913,180.000000,3.961482
-0.872763,1.346339,-0.847132,2.175367,-1.038944,-0.526514,-1.292531,180.000000,11.114106
-0.418027,1.897145,-0.847132,2.175367,-1.038944,-0.526514,-2.240913,90.000000,-2.700925
0.218602,0.024404,-0.847132,2.175367,-1.038944,-0.526514,-1.292531,90.000000,13.367314
-1.355261,1.571300,-0.847132,0.488805,-1.038944,0.953232,0.415805,7.000000,-21.228524
-0.790432,0.678414,-0.847132,0.488805,-1.038944,0.070531,0.647908,7.000000,-21.179571
1.855649,-0.856886,-0.847132,2.175367,-1.038944,-0.526514,-2.240913,365.000000,6.116784
-0.790432,0.678414,-0.847132,0.488805,-1.038944,0.070531,0.647908,3.000000,-26.686416
0.218602,0.024404,-0.847132,2.175367,-1.038944,-0.526514,-1.292531,180.000000,15.130993
0.491443,0.795533,-0.847132,2.175367,-1.038944,-0.526514,-2.240913,28.000000,-2.798830
0.218602,0.024404,-0.847132,2.175367,-1.038944,-0.526514,-1.292531,270.000000,18.560447
-0.145186,0.465049,-0.847132,2.175367,-1.038944,-0.526514,-1.292531,270.000000,15.914927
0.276042,-0.856886,-0.847132,0.488805,-1.038944,-0.024687,0.961124,3.000000,-25.951434
-0.872763,1.346339,-0.847132,2.175367,-1.038944,-0.526514,-1.292531,270.000000,14.837276
-0.145186,0.465049,-0.847132,2.175367,-1.038944,-0.526514,-1.292531,180.000000,12.877786
0.582390,-0.416241,-0.847132,2.175367,-1.038944,-0.526514,-1.292531,270.000000,19.246475
-1.355261,1.571300,-0.847132,0.488805,-1.038944,0.953232,0.415805,360.000000,8.880204
0.491443,0.795533,-0.847132,2.175367,-1.038944,-0.526514,-2.240913,7.000000,-5.542255
-0.872763,1.346339,-0.847132,2.175367,-1.038944,-0.526514,-1.292531,28.000000,5.039133
1.951382,-0.856886,-0.847132,-1.666246,-1.038944,1.892548,0.329701,28.000000,36.170353
0.888738,1.337062,-0.847132,-0.537187,0.652680,-0.602431,-0.210627,3.000000,-1.419878
0.307634,2.183565,-0.847132,-0.284203,0.401449,0.951945,-2.018792,3.000000,-7.018423
1.376980,0.375760,-0.847132,-1.314879,1.724601,-1.554615,1.416597,3.000000,-2.419618
1.376980,0.375760,-0.847132,-1.413262,2.076325,-0.475045,0.375873,3.000000,0.483076
0.898311,0.230811,-0.847132,-2.575116,2.880266,-1.554615,2.733101,3.000000,-6.818475
1.855649,0.520709,-0.847132,-0.021848,0.451695,-1.554615,0.098845,3.000000,1.979238
1.798208,0.502156,-0.847132,-2.050408,4.354156,-1.554615,0.835089,3.000000,4.378615
1.376980,0.375760,-0.847132,-1.314879,1.724601,-1.554615,1.416597,3.000000,-2.419618
1.028509,0.269078,-0.847132,-1.108744,0.987656,-1.554615,1.898275,3.000000,-7.721689
2.394629,-0.856886,-0.847132,-1.863012,3.684206,-1.554615,1.498956,3.000000,5.481777
1.376980,0.375760,-0.847132,-1.314879,1.724601,-1.554615,1.416597,3.000000,-2.419618
0.360288,1.607247,-0.847132,-1.211812,1.356128,-1.554615,1.332990,3.000000,-10.617488
1.154878,0.241248,-0.847132,-1.600658,0.870414,-0.336077,0.979842,3.000000,5.281829
0.779602,1.334743,-0.847132,-0.780801,0.903912,-0.363099,-0.221858,3.000000,-0.516665
0.407197,2.422441,-0.847132,0.104644,0.686178,-0.388833,-1.418566,3.000000,-7.521741
0.941392,0.896417,-0.847132,-1.296140,1.624109,2.076551,-2.103647,3.000000,-7.218371
0.779602,1.334743,-0.847132,-0.780801,0.903912,-0.363099,-0.221858,3.000000,-0.516665
0.049153,1.472734,-0.847132,-1.727150,0.836917,0.407656,0.375873,3.000000,-11.417280
0.779602,1.334743,-0.847132,-0.780801,0.903912,-0.363099,-0.221858,3.000000,-0.516665
1.511007,1.195592,-0.847132,0.207711,0.820168,-1.132566,-0.819588,3.000000,3.482296
1.040955,1.334743,-0.847132,-1.670931,2.645783,-0.363099,-0.221858,3.000000,4.778511
0.779602,1.334743,-0.847132,-0.780801,0.903912,-0.363099,-0.221858,3.000000,-0.516665
0.543139,1.334743,-0.847132,-0.312312,0.552188,-0.363099,-0.221858,3.000000,-11.720650
0.888738,1.337062,-0.847132,-0.537187,0.652680,-0.602431,-0.210627,7.000000,10.383951
0.307634,2.183565,-0.847132,-0.284203,0.401449,0.951945,-2.018792,7.000000,6.977939
1.376980,0.375760,-0.847132,-1.314879,1.724601,-1.554615,1.416597,7.000000,13.383172
1.376980,0.375760,-0.847132,-1.413262,2.076325,-0.475045,0.375873,7.000000,10.983795
0.898311,0.230811,-0.847132,-2.575116,2.880266,-1.554615,2.733101,7.000000,9.880633
1.855649,0.520709,-0.847132,-0.021848,0.451695,-1.554615,0.098845,7.000000,19.781509
1.798208,0.502156,-0.847132,-2.050408,4.354156,-1.554615,0.835089,7.000000,19.078243
1.376980,0.375760,-0.847132,-1.314879,1.724601,-1.554615,1.416597,7.000000,13.383172
1.028509,0.269078,-0.847132,-1.108744,0.987656,-1.554615,1.898275,7.000000,-0.916561
2.394629,-0.856886,-0.847132,-1.863012,3.684206,-1.554615,1.498956,7.000000,11.080322
1.376980,0.375760,-0.847132,-1.314879,1.724601,-1.554615,1.416597,7.000000,13.383172
0.360288,1.607247,-0.847132,-1.211812,1.356128,-1.554615,1.332990,7.000000,-2.419618
1.154878,0.241248,-0.847132,-1.600658,0.870414,-0.336077,0.979842,7.000000,18.278451
0.779602,1.334743,-0.847132,-0.780801,0.903912,-0.363099,-0.221858,7.000000,20.077983
0.407197,2.422441,-0.847132,0.104644,0.686178,-0.388833,-1.418566,7.000000,13.983016
0.941392,0.896417,-0.847132,-1.296140,1.624109,2.076551,-2.103647,7.000000,11.280270
0.779602,1.334743,-0.847132,-0.780801,0.903912,-0.363099,-0.221858,7.000000,20.077983
0.049153,1.472734,-0.847132,-1.727150,0.836917,0.407656,0.375873,7.000000,2.179187
0.779602,1.334743,-0.847132,-0.780801,0.903912,-0.363099,-0.221858,7.000000,20.077983
1.511007,1.195592,-0.847132,0.207711,0.820168,-1.132566,-0.819588,7.000000,20.277932
1.040955,1.334743,-0.847132,-1.670931,2.645783,-0.363099,-0.221858,7.000000,23.277152
0.779602,1.334743,-0.847132,-0.780801,0.903912,-0.363099,-0.221858,7.000000,-12.920338
0.543139,1.334743,-0.847132,-0.312312,0.552188,-0.363099,-0.221858,7.000000,-0.716613
0.888738,1.337062,-0.847132,-0.537187,0.652680,-0.602431,-0.210627,28.000000,25.276633
0.307634,2.183565,-0.847132,-0.284203,0.401449,0.951945,-2.018792,28.000000,23.980418
1.376980,0.375760,-0.847132,-1.314879,1.724601,-1.554615,1.416597,28.000000,24.476840
1.376980,0.375760,-0.847132,-1.413262,2.076325,-0.475045,0.375873,28.000000,25.979898
0.898311,0.230811,-0.847132,-2.575116,2.880266,-1.554615,2.733101,28.000000,20.877776
1.855649,0.520709,-0.847132,-0.021848,0.451695,-1.554615,0.098845,28.000000,32.481657
1.798208,0.502156,-0.847132,-2.050408,4.354156,-1.554615,0.835089,28.000000,31.082020
1.376980,0.375760,-0.847132,-1.314879,1.724601,-1.554615,1.416597,28.000000,24.476840
1.028509,0.269078,-0.847132,-1.108744,0.987656,-1.554615,1.898275,28.000000,14.879334
2.394629,-0.856886,-0.847132,-1.863012,3.684206,-1.554615,1.498956,28.000000,20.581301
1.376980,0.375760,-0.847132,-1.314879,1.724601,-1.554615,1.416597,28.000000,24.476840
0.360288,1.607247,-0.847132,-1.211812,1.356128,-1.554615,1.332990,28.000000,19.678087
1.154878,0.241248,-0.847132,-1.600658,0.870414,-0.336077,0.979842,28.000000,32.681605
0.779602,1.334743,-0.847132,-0.780801,0.903912,-0.363099,-0.221858,28.000000,35.480877
0.407197,2.422441,-0.847132,0.104644,0.686178,-0.388833,-1.418566,28.000000,38.879994
0.941392,0.896417,-0.847132,-1.296140,1.624109,2.076551,-2.103647,28.000000,16.382392
0.779602,1.334743,-0.847132,-0.780801,0.903912,-0.363099,-0.221858,28.000000,35.480877
0.049153,1.472734,-0.847132,-1.727150,0.836917,0.407656,0.375873,28.000000,31.881813
0.779602,1.334743,-0.847132,-0.780801,0.903912,-0.363099,-0.221858,28.000000,35.480877
1.511007,1.195592,-0.847132,0.207711,0.820168,-1.132566,-0.819588,28.000000,30.178807
1.040955,1.334743,-0.847132,-1.670931,2.645783,-0.363099,-0.221858,28.000000,38.680046
0.779602,1.334743,-0.847132,-0.780801,0.903912,-0.363099,-0.221858,28.000000,35.480877
0.543139,1.334743,-0.847132,-0.312312,0.552188,-0.363099,-0.221858,28.000000,14.079542
0.888738,1.337062,-0.847132,-0.537187,0.652680,-0.602431,-0.210627,56.000000,27.579482
0.307634,2.183565,-0.847132,-0.284203,0.401449,0.951945,-2.018792,56.000000,29.082540
1.376980,0.375760,-0.847132,-1.314879,1.724601,-1.554615,1.416597,56.000000,28.482696
1.376980,0.375760,-0.847132,-1.413262,2.076325,-0.475045,0.375873,56.000000,29.082540
0.898311,0.230811,-0.847132,-2.575116,2.880266,-1.554615,2.733101,56.000000,24.380314
1.855649,0.520709,-0.847132,-0.021848,0.451695,-1.554615,0.098845,56.000000,36.480618
1.798208,0.502156,-0.847132,-2.050408,4.354156,-1.554615,0.835089,56.000000,33.481397
1.376980,0.375760,-0.847132,-1.314879,1.724601,-1.554615,1.416597,56.000000,28.482696
1.028509,0.269078,-0.847132,-1.108744,0.987656,-1.554615,1.898275,56.000000,19.381613
2.394629,-0.856886,-0.847132,-1.863012,3.684206,-1.554615,1.498956,56.000000,22.980677
1.376980,0.375760,-0.847132,-1.314879,1.724601,-1.554615,1.416597,56.000000,28.482696
0.360288,1.607247,-0.847132,-1.211812,1.356128,-1.554615,1.332990,56.000000,30.282228
1.154878,0.241248,-0.847132,-1.600658,0.870414,-0.336077,0.979842,56.000000,37.880254
0.779602,1.334743,-0.847132,-0.780801,0.903912,-0.363099,-0.221858,56.000000,41.479319
0.407197,2.422441,-0.847132,0.104644,0.686178,-0.388833,-1.418566,56.000000,44.382012
0.941392,0.896417,-0.847132,-1.296140,1.624109,2.076551,-2.103647,56.000000,19.078243
0.779602,1.334743,-0.847132,-0.780801,0.903912,-0.363099,-0.221858,56.000000,41.479319
0.049153,1.472734,-0.847132,-1.727150,0.836917,0.407656,0.375873,56.000000,37.176988
0.779602,1.334743,-0.847132,-0.780801,0.903912,-0.363099,-0.221858,56.000000,41.479319
1.511007,1.195592,-0.847132,0.207711,0.820168,-1.132566,-0.819588,56.000000,35.880773
1.040955,1.334743,-0.847132,-1.670931,2.645783,-0.363099,-0.221858,56.000000,43.582220
0.779602,1.334743,-0.847132,-0.780801,0.903912,-0.363099,-0.221858,56.000000,41.479319
0.543139,1.334743,-0.847132,-0.312312,0.552188,-0.363099,-0.221858,56.000000,24.076944
0.888738,1.337062,-0.847132,-0.537187,0.652680,-0.602431,-0.210627,91.000000,29.082540
0.307634,2.183565,-0.847132,-0.284203,0.401449,0.951945,-2.018792,91.000000,30.778651
1.376980,0.375760,-0.847132,-1.314879,1.724601,-1.554615,1.416597,91.000000,29.379015
1.376980,0.375760,-0.847132,-1.413262,2.076325,-0.475045,0.375873,91.000000,30.882072
0.898311,0.230811,-0.847132,-2.575116,2.880266,-1.554615,2.733101,91.000000,26.683164
1.855649,0.520709,-0.847132,-0.021848,0.451695,-1.554615,0.098845,91.000000,38.376677
1.798208,0.502156,-0.847132,-2.050408,4.354156,-1.554615,0.835089,91.000000,34.881033
1.376980,0.375760,-0.847132,-1.314879,1.724601,-1.554615,1.416597,91.000000,29.379015
1.028509,0.269078,-0.847132,-1.108744,0.987656,-1.554615,1.898275,91.000000,21.780989
2.394629,-0.856886,-0.847132,-1.863012,3.684206,-1.554615,1.498956,91.000000,23.380574
1.376980,0.375760,-0.847132,-1.314879,1.724601,-1.554615,1.416597,91.000000,29.379015
0.360288,1.607247,-0.847132,-1.211812,1.356128,-1.554615,1.332990,91.000000,32.281709
1.154878,0.241248,-0.847132,-1.600658,0.870414,-0.336077,0.979842,91.000000,39.679786
0.779602,1.334743,-0.847132,-0.780801,0.903912,-0.363099,-0.221858,91.000000,43.478799
0.941392,0.896417,-0.847132,-1.296140,1.624109,2.076551,-2.103647,91.000000,20.677828
0.779602,1.334743,-0.847132,-0.780801,0.903912,-0.363099,-0.221858,91.000000,43.478799
0.049153,1.472734,-0.847132,-1.727150,0.836917,0.407656,0.375873,91.000000,40.982896
0.779602,1.334743,-0.847132,-0.780801,0.903912,-0.363099,-0.221858,91.000000,43.478799
1.511007,1.195592,-0.847132,0.207711,0.820168,-1.132566,-0.819588,91.000000,37.480358
1.040955,1.334743,-0.847132,-1.670931,2.645783,-0.363099,-0.221858,91.000000,46.781389
0.779602,1.334743,-0.847132,-0.780801,0.903912,-0.363099,-0.221858,91.000000,43.478799
0.543139,1.334743,-0.847132,-0.312312,0.552188,-0.363099,-0.221858,91.000000,31.978339
-0.562968,-0.856886,0.664154,0.361844,-0.291950,-0.075127,1.207204,3.000000,-24.241534
-0.562968,-0.856886,0.664154,0.361844,-0.291950,-0.075127,1.207204,14.000000,-11.369017
-0.562968,-0.856886,0.664154,0.361844,-0.291950,-0.075127,1.207204,28.000000,-10.927752
-0.562968,-0.856886,0.664154,0.361844,-0.291950,-0.075127,1.207204,56.000000,-6.370316
-0.562968,-0.856886,0.664154,0.361844,-0.291950,-0.075127,1.207204,100.000000,4.895722
-0.453353,-0.856886,0.631480,0.764745,-0.274028,-0.332989,0.980591,3.000000,-25.434327
-0.453353,-0.856886,0.631480,0.764745,-0.274028,-0.332989,0.980591,14.000000,-13.678761
-0.453353,-0.856886,0.631480,0.764745,-0.274028,-0.332989,0.980591,28.000000,-12.982391
-0.453353,-0.856886,0.631480,0.764745,-0.274028,-0.332989,0.980591,56.000000,-8.156059
-0.453353,-0.856886,0.631480,0.764745,-0.274028,-0.332989,0.980591,100.000000,-1.261299
-0.827959,-0.856886,0.724343,-0.747070,0.213863,0.430817,1.651197,3.000000,-23.365899
-0.827959,-0.856886,0.724343,-0.747070,0.213863,0.430817,1.651197,14.000000,-10.831226
-0.827959,-0.856886,0.724343,-0.747070,0.213863,0.430817,1.651197,28.000000,-10.093486
-0.827959,-0.856886,0.724343,-0.747070,0.213863,0.430817,1.651197,56.000000,-1.854248
-0.827959,-0.856886,0.724343,-0.747070,0.213863,0.430817,1.651197,100.000000,1.524184
-0.866253,-0.856886,1.113303,-0.910104,0.262434,1.506528,0.379741,3.000000,-20.773470
-0.866253,-0.856886,1.113303,-0.910104,0.262434,1.506528,0.379741,14.000000,-14.754344
-0.866253,-0.856886,1.113303,-0.910104,0.262434,1.506528,0.379741,28.000000,-9.417800
-0.866253,-0.856886,1.113303,-0.910104,0.262434,1.506528,0.379741,56.000000,-0.475296
-0.866253,-0.856886,1.113303,-0.910104,0.262434,1.506528,0.379741,100.000000,4.750932
-0.661478,-0.856886,1.054209,-0.058859,-0.085940,1.089626,0.071642,3.000000,-23.345215
-0.661478,-0.856886,1.054209,-0.058859,-0.085940,1.089626,0.071642,14.000000,-14.899134
-0.661478,-0.856886,1.054209,-0.058859,-0.085940,1.089626,0.071642,28.000000,-10.913963
-0.661478,-0.856886,1.054209,-0.058859,-0.085940,1.089626,0.071642,56.000000,-1.612931
-0.661478,-0.856886,1.054209,-0.058859,-0.085940,1.089626,0.071642,100.000000,3.792560
-0.490115,-0.856886,1.002462,0.651371,-0.263477,0.726766,-0.187042,3.000000,-25.785960
-0.490115,-0.856886,1.002462,0.651371,-0.263477,0.726766,-0.187042,14.000000,-15.733400
-0.490115,-0.856886,1.002462,0.651371,-0.263477,0.726766,-0.187042,28.000000,-11.334543
-0.490115,-0.856886,1.002462,0.651371,-0.263477,0.726766,-0.187042,56.000000,-4.281204
-0.490115,-0.856886,1.002462,0.651371,-0.263477,0.726766,-0.187042,100.000000,-0.475296
-0.869508,-0.856886,1.109864,-0.923691,0.615833,1.482080,0.362021,3.000000,-26.372015
-0.869508,-0.856886,1.109864,-0.923691,0.615833,1.482080,0.362021,14.000000,-13.099602
-0.869508,-0.856886,1.109864,-0.923691,0.615833,1.482080,0.362021,28.000000,-7.349372
-0.869508,-0.856886,1.109864,-0.923691,0.615833,1.482080,0.362021,56.000000,2.744557
-0.869508,-0.856886,1.109864,-0.923691,0.615833,1.482080,0.362021,100.000000,4.571668
-1.101662,-0.856886,1.705342,-0.239228,-0.286925,1.102493,0.081250,3.000000,-25.055115
-1.101662,-0.856886,1.705342,-0.239228,-0.286925,1.102493,0.081250,14.000000,-10.334803
-1.101662,-0.856886,1.705342,-0.239228,-0.286925,1.102493,0.081250,28.000000,-14.278606
-1.101662,-0.856886,1.705342,-0.239228,-0.286925,1.102493,0.081250,56.000000,-7.190792
-1.101662,-0.856886,1.705342,-0.239228,-0.286925,1.102493,0.081250,100.000000,-2.274828
-1.083855,-0.368930,1.714097,-2.802333,-0.080915,1.103780,0.081500,3.000000,-28.068126
-1.083855,-0.368930,1.714097,-2.802333,-0.080915,1.103780,0.081500,14.000000,-17.994881
-1.083855,-0.368930,1.714097,-2.802333,-0.080915,1.103780,0.081500,28.000000,-11.575860
-1.083855,-0.368930,1.714097,-2.802333,-0.080915,1.103780,0.081500,56.000000,-2.964304
-1.083855,-0.368930,1.714097,-2.802333,-0.080915,1.103780,0.081500,100.000000,3.413349
-0.645682,0.280094,-0.463956,0.006729,0.110021,1.195138,0.147263,3.000000,-17.822512
-0.645682,0.280094,-0.463956,0.006729,0.110021,1.195138,0.147263,14.000000,-5.432629
-0.645682,0.280094,-0.463956,0.006729,0.110021,1.195138,0.147263,28.000000,9.887528
-0.645682,0.280094,-0.463956,0.006729,0.110021,1.195138,0.147263,56.000000,14.955177
-0.645682,0.280094,-0.463956,0.006729,0.110021,1.195138,0.147263,100.000000,18.085398
-0.645299,0.280210,-0.463800,0.008135,0.074848,1.197711,0.149010,3.000000,-22.635055
-0.645299,0.280210,-0.463800,0.008135,0.074848,1.197711,0.149010,14.000000,-17.981092
-0.645299,0.280210,-0.463800,0.008135,0.074848,1.197711,0.149010,28.000000,4.413089
-0.645299,0.280210,-0.463800,0.008135,0.074848,1.197711,0.149010,56.000000,11.314744
-0.645299,0.280210,-0.463800,0.008135,0.074848,1.197711,0.149010,100.000000,14.155385
-0.492891,-0.856886,1.000117,0.640127,-0.012245,0.710039,-0.199021,3.000000,-22.462686
-0.492891,-0.856886,1.000117,0.640127,-0.012245,0.710039,-0.199021,14.000000,-13.499498
-0.492891,-0.856886,1.000117,0.640127,-0.012245,0.710039,-0.199021,28.000000,-11.279385
-0.492891,-0.856886,1.000117,0.640127,-0.012245,0.710039,-0.199021,56.000000,-4.467362
-0.492891,-0.856886,1.000117,0.640127,-0.012245,0.710039,-0.199021,100.000000,5.040512
-0.412762,-0.856886,0.624132,0.238632,0.133469,-0.296060,0.916326,3.000000,-15.885085
-0.412762,-0.856886,0.624132,0.238632,0.133469,-0.296060,0.916326,14.000000,-10.127960
-0.412762,-0.856886,0.624132,0.238632,0.133469,-0.296060,0.916326,28.000000,-5.584313
-0.412762,-0.856886,0.624132,0.238632,0.133469,-0.296060,0.916326,56.000000,3.771876
-0.412762,-0.856886,0.624132,0.238632,0.133469,-0.296060,0.916326,100.000000,8.480997
-0.298360,-0.856886,0.648833,0.274237,-0.112738,-0.206632,1.093024,3.000000,-22.000737
-0.298360,-0.856886,0.648833,0.274237,-0.112738,-0.206632,1.093024,14.000000,-10.900173
-0.298360,-0.856886,0.648833,0.274237,-0.112738,-0.206632,1.093024,28.000000,-6.597843
-0.298360,-0.856886,0.648833,0.274237,-0.112738,-0.206632,1.093024,56.000000,2.510135
-0.298360,-0.856886,0.648833,0.274237,-0.112738,-0.206632,1.093024,100.000000,6.529780
-0.657170,-0.856886,0.721998,-1.042218,0.419873,0.448831,1.622371,3.000000,-22.276527
-0.657170,-0.856886,0.721998,-1.042218,0.419873,0.448831,1.622371,14.000000,-9.507432
-0.657170,-0.856886,0.721998,-1.042218,0.419873,0.448831,1.622371,28.000000,-4.177782
-0.657170,-0.856886,0.721998,-1.042218,0.419873,0.448831,1.622371,56.000000,6.729728
-0.657170,-0.856886,0.721998,-1.042218,0.419873,0.448831,1.622371,100.000000,7.102045
-0.656692,-0.856886,0.722310,-1.040813,0.697902,0.397362,1.624867,3.000000,-22.483370
-0.656692,-0.856886,0.722310,-1.040813,0.697902,0.397362,1.624867,14.000000,-10.445119
-0.656692,-0.856886,0.722310,-1.040813,0.697902,0.397362,1.624867,28.000000,1.586237
-0.656692,-0.856886,0.722310,-1.040813,0.697902,0.397362,1.624867,56.000000,8.577524
-0.656692,-0.856886,0.722310,-1.040813,0.697902,0.397362,1.624867,100.000000,11.921482
-0.662148,-0.856886,1.103610,-1.057210,0.274159,1.447338,0.323961,3.000000,-16.298770
-0.662148,-0.856886,1.103610,-1.057210,0.274159,1.447338,0.323961,14.000000,-4.467362
-0.662148,-0.856886,1.103610,-1.057210,0.274159,1.447338,0.323961,28.000000,2.682504
-0.662148,-0.856886,1.103610,-1.057210,0.274159,1.447338,0.323961,56.000000,9.267000
-0.662148,-0.856886,1.103610,-1.057210,0.274159,1.447338,0.323961,100.000000,11.997325
-0.473074,-0.856886,1.054209,-0.356350,0.086572,1.074185,0.060785,3.000000,-20.380468
-0.473074,-0.856886,1.054209,-0.356350,0.086572,1.074185,0.060785,14.000000,-9.045483
-0.473074,-0.856886,1.054209,-0.356350,0.086572,1.074185,0.060785,28.000000,-2.088670
-0.473074,-0.856886,1.054209,-0.356350,0.086572,1.074185,0.060785,56.000000,6.881413
-0.473074,-0.856886,1.054209,-0.356350,0.086572,1.074185,0.060785,100.000000,10.018529
-0.285245,-0.856886,1.001836,0.322491,-0.075891,0.713899,-0.197774,3.000000,-18.594725
-0.285245,-0.856886,1.001836,0.322491,-0.075891,0.713899,-0.197774,14.000000,-5.887683
-0.285245,-0.856886,1.001836,0.322491,-0.075891,0.713899,-0.197774,28.000000,-6.163473
-0.285245,-0.856886,1.001836,0.322491,-0.075891,0.713899,-0.197774,56.000000,1.151867
-0.285245,-0.856886,1.001836,0.322491,-0.075891,0.713899,-0.197774,100.000000,7.763942
-0.285245,-0.856886,1.001836,0.322491,0.024602,0.713899,-0.197774,3.000000,-22.697108
-0.285245,-0.856886,1.001836,0.322491,0.024602,0.713899,-0.197774,14.000000,-11.389701
-0.285245,-0.856886,1.001836,0.322491,0.024602,0.713899,-0.197774,28.000000,-3.157358
-0.285245,-0.856886,1.001836,0.322491,0.024602,0.713899,-0.197774,56.000000,0.820919
-0.285245,-0.856886,1.001836,0.322491,0.024602,0.713899,-0.197774,100.000000,8.391365
-0.955285,-0.856886,1.763811,-0.561080,0.227262,1.063891,0.052674,3.000000,-22.193790
-0.955285,-0.856886,1.763811,-0.561080,0.227262,1.063891,0.052674,14.000000,-14.216553
-0.955285,-0.856886,1.763811,-0.561080,0.227262,1.063891,0.052674,28.000000,-8.045743
-0.955285,-0.856886,1.763811,-0.561080,0.227262,1.063891,0.052674,56.000000,-0.247769
-0.955285,-0.856886,1.763811,-0.561080,0.227262,1.063891,0.052674,100.000000,9.549685
-0.948967,-0.332635,1.059680,-0.532033,0.332779,1.112787,0.088238,3.000000,-28.502495
-0.948967,-0.332635,1.059680,-0.532033,0.332779,1.112787,0.088238,14.000000,-14.313079
-0.948967,-0.332635,1.059680,-0.532033,0.332779,1.112787,0.088238,28.000000,-4.550099
-0.948967,-0.332635,1.059680,-0.532033,0.332779,1.112787,0.088238,56.000000,7.681205
-0.948967,-0.332635,1.059680,-0.532033,0.332779,1.112787,0.088238,100.000000,12.852275
-1.074952,-0.367306,1.095324,-1.088599,0.774946,1.388148,0.281658,3.000000,-28.419758
-1.074952,-0.367306,1.095324,-1.088599,0.774946,1.388148,0.281658,14.000000,-12.306704
-1.074952,-0.367306,1.095324,-1.088599,0.774946,1.388148,0.281658,28.000000,-4.701784
-1.074952,-0.367306,1.095324,-1.088599,0.774946,1.388148,0.281658,56.000000,3.330611
-1.074952,-0.367306,1.095324,-1.088599,0.774946,1.388148,0.281658,100.000000,12.335168
0.087925,-0.856886,0.656493,-0.631822,0.537114,-0.151045,1.140817,3.000000,-13.313339
0.087925,-0.856886,0.656493,-0.631822,0.537114,-0.151045,1.140817,14.000000,-1.144088
0.087925,-0.856886,0.656493,-0.631822,0.537114,-0.151045,1.140817,28.000000,-1.082035
0.087925,-0.856886,0.656493,-0.631822,0.537114,-0.151045,1.140817,56.000000,9.267000
0.087925,-0.856886,0.656493,-0.631822,0.537114,-0.151045,1.140817,100.000000,13.155644
-0.039400,-0.856886,0.675410,-0.982252,0.942434,0.012628,1.273217,3.000000,-12.679021
-0.039400,-0.856886,0.675410,-0.982252,0.942434,0.012628,1.273217,14.000000,6.067831
-0.039400,-0.856886,0.675410,-0.982252,0.942434,0.012628,1.273217,28.000000,12.466168
-0.039400,-0.856886,0.675410,-0.982252,0.942434,0.012628,1.273217,56.000000,15.217178
-0.039400,-0.856886,0.675410,-0.982252,0.942434,0.012628,1.273217,100.000000,19.822877
0.139239,-0.856886,0.648051,-0.469724,0.446671,-0.228763,1.068441,3.000000,-12.872075
0.139239,-0.856886,0.648051,-0.469724,0.446671,-0.228763,1.068441,14.000000,-0.585612
0.139239,-0.856886,0.648051,-0.469724,0.446671,-0.228763,1.068441,28.000000,4.123509
0.139239,-0.856886,0.648051,-0.469724,0.446671,-0.228763,1.068441,56.000000,12.900538
0.139239,-0.856886,0.648051,-0.469724,0.446671,-0.228763,1.068441,100.000000,16.223813
-0.281032,-0.856886,0.715275,-1.659688,1.029528,0.425670,1.574577,3.000000,-14.795713
-0.281032,-0.856886,0.715275,-1.659688,1.029528,0.425670,1.574577,14.000000,-2.460987
-0.281032,-0.856886,0.715275,-1.659688,1.029528,0.425670,1.574577,28.000000,-1.874932
-0.281032,-0.856886,0.715275,-1.659688,1.029528,0.425670,1.574577,56.000000,8.322418
-0.281032,-0.856886,0.715275,-1.659688,1.029528,0.425670,1.574577,100.000000,9.549685
-0.306976,-0.856886,0.696671,-1.098906,1.104897,0.190970,1.440431,3.000000,-20.456311
-0.306976,-0.856886,0.696671,-1.098906,1.104897,0.190970,1.440431,14.000000,-7.135634
-0.306976,-0.856886,0.696671,-1.098906,1.104897,0.190970,1.440431,28.000000,-4.970680
-0.306976,-0.856886,0.696671,-1.098906,1.104897,0.190970,1.440431,56.000000,6.212621
-0.306976,-0.856886,0.696671,-1.098906,1.104897,0.190970,1.440431,100.000000,15.237862
-0.276246,-0.856886,0.696671,-1.654534,1.334355,0.190970,1.440431,3.000000,-14.037289
-0.276246,-0.856886,0.696671,-1.654534,1.334355,0.190970,1.440431,14.000000,6.474622
-0.276246,-0.856886,0.696671,-1.654534,1.334355,0.190970,1.440431,28.000000,14.782808
-0.276246,-0.856886,0.696671,-1.654534,1.334355,0.190970,1.440431,56.000000,20.009036
-0.276246,-0.856886,0.696671,-1.654534,1.334355,0.190970,1.440431,100.000000,25.131843
-0.328708,-0.856886,1.108300,-1.792739,0.969232,1.465352,0.340807,3.000000,-12.292915
-0.328708,-0.856886,1.108300,-1.792739,0.969232,1.465352,0.340807,14.000000,6.398780
-0.328708,-0.856886,1.108300,-1.792739,0.969232,1.465352,0.340807,28.000000,16.685762
-0.328708,-0.856886,1.108300,-1.792739,0.969232,1.465352,0.340807,56.000000,24.504419
-0.328708,-0.856886,1.108300,-1.792739,0.969232,1.465352,0.340807,100.000000,30.606282
-0.058356,-0.856886,1.049987,-1.034723,0.619183,1.038156,0.048930,3.000000,-12.017124
-0.058356,-0.856886,1.049987,-1.034723,0.619183,1.038156,0.048930,14.000000,2.951400
-0.058356,-0.856886,1.049987,-1.034723,0.619183,1.038156,0.048930,28.000000,15.513652
-0.058356,-0.856886,1.049987,-1.034723,0.619183,1.038156,0.048930,56.000000,21.029460
-0.058356,-0.856886,1.049987,-1.034723,0.619183,1.038156,0.048930,100.000000,22.787624
0.153120,-0.856886,0.990424,-0.316997,0.555538,0.641842,-0.251182,3.000000,-13.906289
0.153120,-0.856886,0.990424,-0.316997,0.555538,0.641842,-0.251182,14.000000,1.172552
0.153120,-0.856886,0.990424,-0.316997,0.555538,0.641842,-0.251182,28.000000,11.583639
0.153120,-0.856886,0.990424,-0.316997,0.555538,0.641842,-0.251182,56.000000,16.141076
0.153120,-0.856886,0.990424,-0.316997,0.555538,0.641842,-0.251182,100.000000,20.926039
-0.645491,-0.856886,1.884658,-1.254444,0.662730,1.036869,0.034580,3.000000,-18.243093
-0.645491,-0.856886,1.884658,-1.254444,0.662730,1.036869,0.034580,14.000000,-2.088670
-0.645491,-0.856886,1.884658,-1.254444,0.662730,1.036869,0.034580,28.000000,4.330352
-0.645491,-0.856886,1.884658,-1.254444,0.662730,1.036869,0.034580,56.000000,10.825216
-0.645491,-0.856886,1.884658,-1.254444,0.662730,1.036869,0.034580,100.000000,14.258806
-0.647788,-0.856886,1.876841,-1.262877,0.913961,1.021429,0.023723,3.000000,-18.449935
-0.647788,-0.856886,1.876841,-1.262877,0.913961,1.021429,0.023723,14.000000,-2.116249
-0.647788,-0.856886,1.876841,-1.262877,0.913961,1.021429,0.023723,28.000000,10.121950
-0.647788,-0.856886,1.876841,-1.262877,0.913961,1.021429,0.023723,56.000000,15.617074
-0.647788,-0.856886,1.876841,-1.262877,0.913961,1.021429,0.023723,100.000000,23.483995
-0.038060,0.277427,-0.464738,-0.977567,0.835242,1.142382,0.110825,3.000000,-5.370576
-0.038060,0.277427,-0.464738,-0.977567,0.835242,1.142382,0.110825,14.000000,11.893903
-0.038060,0.277427,-0.464738,-0.977567,0.835242,1.142382,0.110825,28.000000,27.324376
-0.038060,0.277427,-0.464738,-0.977567,0.835242,1.142382,0.110825,56.000000,31.006178
-0.038060,0.277427,-0.464738,-0.977567,0.835242,1.142382,0.110825,100.000000,31.130284
-0.602506,-0.223285,1.087977,-1.912203,0.955833,1.322525,0.238232,3.000000,-8.397375
-0.602506,-0.223285,1.087977,-1.912203,0.955833,1.322525,0.238232,14.000000,0.138338
-0.602506,-0.223285,1.087977,-1.912203,0.955833,1.322525,0.238232,28.000000,19.691877
-0.602506,-0.223285,1.087977,-1.912203,0.955833,1.322525,0.238232,56.000000,26.172951
-0.602506,-0.223285,1.087977,-1.912203,0.955833,1.322525,0.238232,100.000000,27.710483
-0.634386,-0.233026,1.058430,-1.215091,0.570612,0.532469,0.087365,3.000000,-17.801828
-0.634386,-0.233026,1.058430,-1.215091,0.570612,0.532469,0.087365,14.000000,2.785925
-0.634386,-0.233026,1.058430,-1.215091,0.570612,0.532469,0.087365,28.000000,16.382392
-0.634386,-0.233026,1.058430,-1.215091,0.570612,0.532469,0.087365,56.000000,18.140556
-0.634386,-0.233026,1.058430,-1.215091,0.570612,0.532469,0.087365,100.000000,20.815723
-0.596571,-0.856886,1.093448,-1.081103,0.858690,1.361127,0.266185,3.000000,-20.476995
-0.596571,-0.856886,1.093448,-1.081103,0.858690,1.361127,0.266185,14.000000,-9.769433
-0.596571,-0.856886,1.093448,-1.081103,0.858690,1.361127,0.266185,28.000000,-5.598103
-0.596571,-0.856886,1.093448,-1.081103,0.858690,1.361127,0.266185,56.000000,1.448342
-0.596571,-0.856886,1.093448,-1.081103,0.858690,1.361127,0.266185,100.000000,10.411530
0.907885,-0.856886,-0.847132,1.547591,-1.038944,0.393502,-0.139997,3.000000,-19.539307
0.907885,-0.856886,-0.847132,1.547591,-1.038944,0.393502,-0.139997,14.000000,-10.196908
0.907885,-0.856886,-0.847132,1.547591,-1.038944,0.393502,-0.139997,28.000000,-3.846834
0.907885,-0.856886,-0.847132,1.547591,-1.038944,0.393502,-0.139997,56.000000,0.483076
0.907885,-0.856886,-0.847132,1.547591,-1.038944,0.393502,-0.139997,100.000000,7.239940
2.094983,-0.856886,-0.847132,-1.947340,-0.368994,-0.089024,0.991073,28.000000,31.750812
1.855649,-0.856886,0.075242,-1.853642,-0.720718,1.609467,-1.654413,28.000000,21.408672
0.323909,0.731755,-0.847132,-1.713095,-0.050767,2.021222,-0.356628,28.000000,45.933333
2.142850,-0.856886,0.090875,0.629352,-1.038944,0.734487,-1.791679,28.000000,28.200011
1.625888,-0.856886,-0.847132,-0.776116,0.845291,0.734487,-0.356628,28.000000,42.982376
2.248157,-0.856886,-0.847132,-0.916663,0.334454,-2.212137,0.354659,28.000000,5.550724
2.286450,-0.856886,-0.847132,-0.541872,-0.168009,-1.517300,1.016030,28.000000,24.463051
2.363037,-0.856886,-0.847132,0.160862,0.110021,-0.680922,-0.668595,28.000000,21.015671
2.286450,-0.856886,-0.847132,-0.307627,-0.168009,-1.324290,0.392095,28.000000,15.203388
0.994045,-0.856886,1.279018,-1.104059,2.310808,-0.899667,-0.069617,28.000000,19.733245
2.095940,-0.856886,-0.847132,0.863597,-0.536481,1.949165,-2.001321,28.000000,8.315523
1.617272,-0.277090,-0.847132,0.863597,-0.536481,1.949165,-2.001321,28.000000,3.558139
1.108926,-0.657436,1.622954,-0.682419,2.444798,-0.076157,-1.754243,28.000000,19.829772
0.496230,-0.653958,1.701121,-0.682419,1.959084,0.296997,-1.517147,28.000000,11.459533
0.505803,-0.652798,1.622954,0.348258,1.523616,-0.076157,-1.754243,28.000000,8.508576
1.185513,-0.856886,-0.847132,-0.307627,-1.038944,1.892548,-0.980563,28.000000,16.485814
-0.777029,1.462298,-0.847132,0.395107,-1.038944,2.214232,-1.417318,28.000000,13.431435
2.248157,-0.856886,-0.847132,-0.916663,0.344503,-2.212137,0.354659,28.000000,5.550724
-1.303564,0.488241,1.013249,0.114014,-0.084265,-1.800382,1.327998,28.000000,-6.659896
-1.159964,0.627392,1.060149,0.020316,0.032976,-1.916188,1.315519,28.000000,3.578823
-0.451534,0.952078,-0.847132,0.348258,-0.059142,0.103986,-0.169447,28.000000,3.482296
-0.298360,1.230380,0.638046,-1.057210,0.543814,-1.452963,0.329701,28.000000,32.047287
1.855649,-0.856886,-0.847132,-0.916663,0.552188,0.914630,-1.392360,28.000000,22.704887
0.036708,1.346339,-0.847132,-0.869814,0.233961,0.747354,-1.105350,28.000000,17.761344
0.716417,0.523028,-0.847132,-1.010361,0.473469,1.133375,-1.454754,28.000000,23.180625
-0.059026,1.230380,1.028882,-0.916663,0.694552,-1.838984,-0.107053,28.000000,40.417525
2.094983,-0.856886,-0.847132,-1.432002,0.468444,0.773089,-1.479711,28.000000,34.019188
-1.112097,-0.856654,1.397363,-0.831867,-1.038944,0.420523,1.588803,3.000000,-21.421577
-1.112097,0.633190,1.218047,-0.304816,0.314356,0.423097,-0.336662,3.000000,-16.402192
-0.987356,0.648264,1.006995,-0.076193,-0.441014,0.442398,-0.334166,3.000000,-15.092187
-1.089599,0.649424,1.163643,-0.286076,0.265784,0.429530,-0.336662,3.000000,-20.876891
-1.041445,-0.699066,1.847606,-1.162152,-0.345546,0.429530,1.033501,3.000000,-14.526817
-1.030340,-0.276510,1.865741,-0.786892,0.044700,0.428244,0.248590,3.000000,-12.741074
-1.092950,0.017446,1.763655,-0.821560,0.285883,0.442398,-0.043412,3.000000,-20.297731
-1.027755,0.225825,1.652657,-0.432245,0.590710,0.441111,-0.336662,3.000000,-20.001256
-0.869508,-0.856886,1.109864,-0.700690,0.615833,1.364987,0.315975,3.000000,-23.269373
-0.298360,-0.856886,0.648833,0.481309,-0.146235,-0.309056,1.043484,3.000000,-27.330386
-0.647788,-0.856886,1.876841,-1.047372,0.913961,0.909483,-0.020950,3.000000,-20.208099
-0.827959,-0.856886,0.724343,-0.533907,0.213863,0.322731,1.600034,3.000000,-23.641690
-0.285245,-0.856886,1.001836,0.532843,-0.075891,0.909483,-0.240576,3.000000,-23.834743
-1.112097,-0.856654,1.397363,-0.831867,-1.038944,0.420523,1.588803,14.000000,-18.939463
-1.112097,0.633190,1.218047,-0.304816,0.314356,0.423097,-0.336662,14.000000,-2.729883
-0.987356,0.648264,1.006995,-0.076193,-0.441014,0.442398,-0.334166,14.000000,-1.578458
-1.089599,0.649424,1.163643,-0.286076,0.265784,0.429530,-0.336662,14.000000,-4.005413
-1.041445,-0.699066,1.847606,-1.162152,-0.345546,0.429530,1.033501,14.000000,-6.066946
-1.030340,-0.276510,1.865741,-0.786892,0.044700,0.428244,0.248590,14.000000,-2.812620
-1.092950,0.017446,1.763655,-0.821560,0.285883,0.442398,-0.043412,14.000000,-2.916041
-1.027755,0.225825,1.652657,-0.432245,0.590710,0.441111,-0.336662,14.000000,-6.266894
-0.869508,-0.856886,1.109864,-0.700690,0.615833,1.364987,0.315975,14.000000,-16.402192
-0.298360,-0.856886,0.648833,0.481309,-0.146235,-0.309056,1.043484,14.000000,-11.162174
-0.647788,-0.856886,1.876841,-1.047372,0.913961,0.909483,-0.020950,14.000000,-6.225526
-0.827959,-0.856886,0.724343,-0.533907,0.213863,0.322731,1.600034,14.000000,-11.534491
-0.285245,-0.856886,1.001836,0.532843,-0.075891,0.909483,-0.240576,14.000000,-15.092187
-1.112097,-0.856654,1.397363,-0.831867,-1.038944,0.420523,1.588803,28.000000,-9.617748
-1.112097,0.633190,1.218047,-0.304816,0.314356,0.423097,-0.336662,28.000000,10.570109
-0.987356,0.648264,1.006995,-0.076193,-0.441014,0.442398,-0.334166,28.000000,3.344401
-1.089599,0.649424,1.163643,-0.286076,0.265784,0.429530,-0.336662,28.000000,5.385250
-1.041445,-0.699066,1.847606,-1.162152,-0.345546,0.429530,1.033501,28.000000,-2.130038
-1.030340,-0.276510,1.865741,-0.786892,0.044700,0.428244,0.248590,28.000000,2.386029
-1.092950,0.017446,1.763655,-0.821560,0.285883,0.442398,-0.043412,28.000000,5.592093
-1.027755,0.225825,1.652657,-0.432245,0.590710,0.441111,-0.336662,28.000000,1.993028
-0.869508,-0.856886,1.109864,-0.700690,0.615833,1.364987,0.315975,28.000000,-10.969121
-0.298360,-0.856886,0.648833,0.481309,-0.146235,-0.309056,1.043484,28.000000,-8.597323
-0.647788,-0.856886,1.876841,-1.047372,0.913961,0.909483,-0.020950,28.000000,8.818840
-0.827959,-0.856886,0.724343,-0.533907,0.213863,0.322731,1.600034,28.000000,1.448342
-0.285245,-0.856886,1.001836,0.532843,-0.075891,0.909483,-0.240576,28.000000,-2.543724
-1.112097,-0.856654,1.397363,-0.831867,-1.038944,0.420523,1.588803,56.000000,0.745076
-1.112097,0.633190,1.218047,-0.304816,0.314356,0.423097,-0.336662,56.000000,17.906134
-0.987356,0.648264,1.006995,-0.076193,-0.441014,0.442398,-0.334166,56.000000,12.769538
-1.089599,0.649424,1.163643,-0.286076,0.265784,0.429530,-0.336662,56.000000,15.906654
-1.041445,-0.699066,1.847606,-1.162152,-0.345546,0.429530,1.033501,56.000000,0.034916
-1.030340,-0.276510,1.865741,-0.786892,0.044700,0.428244,0.248590,56.000000,17.954397
-1.092950,0.017446,1.763655,-0.821560,0.285883,0.442398,-0.043412,56.000000,17.644133
-1.027755,0.225825,1.652657,-0.432245,0.590710,0.441111,-0.336662,56.000000,13.169434
-0.869508,-0.856886,1.109864,-0.700690,0.615833,1.364987,0.315975,56.000000,-4.101940
-0.298360,-0.856886,0.648833,0.481309,-0.146235,-0.309056,1.043484,56.000000,3.827034
-0.647788,-0.856886,1.876841,-1.047372,0.913961,0.909483,-0.020950,56.000000,15.437810
-0.827959,-0.856886,0.724343,-0.533907,0.213863,0.322731,1.600034,56.000000,7.570889
-0.285245,-0.856886,1.001836,0.532843,-0.075891,0.909483,-0.240576,56.000000,3.447822
-1.112097,-0.856654,1.397363,-0.831867,-1.038944,0.420523,1.588803,100.000000,2.137818
-1.112097,0.633190,1.218047,-0.304816,0.314356,0.423097,-0.336662,100.000000,19.202349
-0.987356,0.648264,1.006995,-0.076193,-0.441014,0.442398,-0.334166,100.000000,14.176069
-1.089599,0.649424,1.163643,-0.286076,0.265784,0.429530,-0.336662,100.000000,17.837186
-1.041445,-0.699066,1.847606,-1.162152,-0.345546,0.429530,1.033501,100.000000,1.862028
-1.030340,-0.276510,1.865741,-0.786892,0.044700,0.428244,0.248590,100.000000,20.243458
-1.092950,0.017446,1.763655,-0.821560,0.285883,0.442398,-0.043412,100.000000,20.994987
-1.027755,0.225825,1.652657,-0.432245,0.590710,0.441111,-0.336662,100.000000,15.120651
-0.869508,-0.856886,1.109864,-0.700690,0.615833,1.364987,0.315975,100.000000,-2.254144
-0.298360,-0.856886,0.648833,0.481309,-0.146235,-0.309056,1.043484,100.000000,5.343881
-0.647788,-0.856886,1.876841,-1.047372,0.913961,0.909483,-0.020950,100.000000,17.140816
-0.827959,-0.856886,0.724343,-0.533907,0.213863,0.322731,1.600034,100.000000,8.460313
-0.285245,-0.856886,1.001836,0.532843,-0.075891,0.909483,-0.240576,100.000000,4.330352
1.578021,-0.578584,0.387911,-0.916663,0.905587,-0.076157,-0.768425,28.000000,21.208724
1.578021,-0.578584,0.387911,-0.916663,0.910611,-0.076157,-0.768425,28.000000,8.605103
1.578021,-0.578584,0.387911,-0.916663,0.910611,-0.076157,-0.768425,28.000000,15.203388
1.578021,-0.578584,0.387911,-0.916663,0.686178,-0.076157,-0.768425,28.000000,17.568291
1.578021,-0.578584,0.387911,-0.916663,0.905587,-0.076157,-0.768425,3.000000,-0.454612
1.578021,-0.578584,0.387911,-0.916663,0.910611,-0.076157,-0.768425,3.000000,-10.796752
1.578021,-0.578584,0.387911,-0.916663,0.910611,-0.076157,-0.768425,3.000000,-12.472178
1.578021,-0.578584,0.387911,-0.916663,0.905587,-0.076157,-0.768425,7.000000,16.189339
1.578021,-0.578584,0.387911,-0.916663,0.910611,-0.076157,-0.768425,7.000000,2.199871
1.578021,-0.578584,0.387911,-0.916663,0.910611,-0.076157,-0.768425,7.000000,3.482296
1.578021,-0.578584,0.387911,-0.916663,0.905587,-0.076157,-0.768425,56.000000,25.249053
1.578021,-0.578584,0.387911,-0.916663,0.910611,-0.076157,-0.768425,56.000000,20.326195
1.578021,-0.578584,0.387911,-0.916663,0.910611,-0.076157,-0.768425,56.000000,19.436771
1.578021,-0.578584,0.387911,-0.916663,0.686178,-0.076157,-0.768425,56.000000,18.947243
1.013192,-0.624968,0.622413,-1.150908,1.359478,-0.449310,0.891243,28.000000,14.417386
1.013192,-0.624968,0.622413,-1.150908,1.294158,-0.449310,0.891243,28.000000,10.866584
1.013192,-0.624968,0.622413,-1.150908,0.905587,-0.449310,0.891243,28.000000,10.866584
1.013192,-0.624968,0.622413,-1.150908,1.359478,-0.449310,0.891243,3.000000,-13.065128
1.013192,-0.624968,0.622413,-1.150908,1.294158,-0.449310,0.891243,3.000000,-10.307224
1.013192,-0.624968,0.622413,-1.150908,0.905587,-0.449310,0.891243,3.000000,-1.047561
1.013192,-0.624968,0.622413,-1.150908,1.359478,-0.449310,0.891243,7.000000,1.020867
1.013192,-0.624968,0.622413,-1.150908,1.294158,-0.449310,0.891243,7.000000,10.080581
1.013192,-0.624968,0.622413,-1.150908,0.905587,-0.449310,0.891243,7.000000,5.847199
1.013192,-0.624968,0.622413,-1.150908,1.359478,-0.449310,0.891243,56.000000,20.519248
1.013192,-0.624968,0.622413,-1.150908,1.294158,-0.449310,0.891243,56.000000,12.149009
1.013192,-0.624968,0.622413,-1.150908,0.905587,-0.449310,0.891243,56.000000,25.642055
0.706844,-0.636564,0.669313,-1.713095,1.160168,-0.076157,1.215690,28.000000,8.212102
0.706844,-0.636564,0.669313,-1.713095,1.012779,-0.076157,1.215690,28.000000,19.636719
2.008823,-0.555392,1.075783,1.332086,-0.380718,-1.169882,-0.930648,28.000000,19.733245
2.008823,-0.555392,1.075783,0.910446,-0.380718,-1.941923,-0.930648,28.000000,22.098148
2.008823,-0.555392,1.075783,1.332086,-0.380718,-1.169882,-0.930648,3.000000,-10.208727
2.008823,-0.555392,1.075783,1.332086,-0.380718,-1.169882,-0.930648,7.000000,-2.329002
2.008823,-0.555392,1.075783,1.332086,-0.380718,-1.169882,-0.930648,56.000000,23.772590
2.008823,-0.555392,1.075783,0.910446,-0.380718,-1.941923,-0.930648,3.000000,-6.268864
2.008823,-0.555392,1.075783,0.910446,-0.380718,-1.941923,-0.930648,7.000000,2.103344
2.008823,-0.555392,1.075783,0.910446,-0.380718,-1.941923,-0.930648,56.000000,26.038011
1.367407,-0.601776,1.216484,-0.167080,0.381351,-1.941923,-0.294234,28.000000,26.235004
1.367407,-0.601776,1.216484,-0.167080,0.381351,-1.169882,-0.294234,3.000000,-3.806450
1.367407,-0.601776,1.216484,-0.635570,0.455045,-1.941923,-0.294234,28.000000,36.280669
1.367407,-0.601776,1.216484,-0.167080,0.381351,-1.941923,-0.294234,7.000000,3.186806
1.367407,-0.601776,1.216484,-0.167080,0.381351,-1.941923,-0.294234,56.000000,29.879377
1.367407,-0.601776,1.216484,-0.635570,0.455045,-1.941923,-0.294234,3.000000,-3.707954
1.367407,-0.601776,1.216484,-0.635570,0.455045,-1.941923,-0.294234,7.000000,4.467262
1.367407,-0.601776,1.216484,-0.635570,0.455045,-1.941923,-0.294234,56.000000,38.547076
-0.757882,-0.729331,1.357185,1.144690,-0.750866,-0.397840,0.342180,28.000000,-13.851130
-0.757882,-0.729331,1.357185,1.144690,-0.750866,-0.397840,0.342180,3.000000,-25.968179
-0.757882,-0.729331,1.357185,1.144690,-0.750866,-0.397840,0.342180,7.000000,-20.747860
-0.757882,-0.729331,1.357185,1.144690,-0.750866,-0.397840,0.342180,56.000000,-12.572645
0.027134,-0.682947,1.357185,-0.120231,-0.124462,-1.684576,0.342180,28.000000,7.915627
0.027134,-0.682947,1.357185,-0.120231,-0.124462,-1.684576,0.342180,3.000000,-22.422302
0.027134,-0.682947,1.357185,-0.120231,-0.124462,-1.684576,0.342180,7.000000,-11.686176
0.027134,-0.682947,1.357185,-0.120231,-0.124462,-1.684576,0.342180,56.000000,8.702614
0.745137,-0.636564,1.357185,-1.291455,0.788345,-0.397840,0.342180,28.000000,27.117533
0.745137,-0.636564,1.357185,-1.291455,0.788345,-0.397840,0.342180,28.000000,23.677048
0.745137,-0.636564,1.357185,-1.291455,0.788345,-0.397840,0.342180,3.000000,-10.701210
0.745137,-0.636564,1.357185,-1.291455,0.788345,-0.397840,0.342180,3.000000,-12.178659
0.745137,-0.636564,1.357185,-1.291455,0.788345,-0.397840,0.342180,7.000000,-0.063580
0.745137,-0.636564,1.357185,-1.291455,0.788345,-0.397840,0.342180,7.000000,2.792820
0.745137,-0.636564,1.357185,-1.291455,0.788345,-0.397840,0.342180,56.000000,32.932771
0.745137,-0.636564,1.357185,-1.291455,0.788345,-0.397840,0.342180,56.000000,30.962840
1.482287,-0.856886,-0.847132,1.706878,-1.038944,-1.730898,-0.672339,28.000000,-11.968861
0.075001,-0.856886,-0.847132,0.488805,-1.038944,-0.768420,1.518922,90.000000,-3.749618
0.075001,-0.856886,-0.847132,0.488805,-1.038944,-0.768420,1.518922,3.000000,-24.162934
1.070632,-0.856886,-0.847132,0.488805,-1.038944,-0.415855,0.150008,3.000000,-16.618687
1.070632,-0.856886,-0.847132,0.488805,-1.038944,-0.415855,0.150008,90.000000,13.028781
1.070632,-0.856886,-0.847132,0.488805,-1.038944,-0.415855,0.150008,28.000000,3.787045
1.903515,-0.856886,-0.847132,0.488805,-1.038944,-0.472471,-0.765929,28.000000,8.124538
1.903515,-0.856886,-0.847132,0.488805,-1.038944,-0.472471,-0.765929,7.000000,-1.248199
1.903515,-0.856886,-0.847132,0.488805,-1.038944,-0.472471,-0.765929,90.000000,18.497705
1.903515,-0.856886,-0.847132,0.488805,-1.038944,-0.472471,-0.765929,3.000000,-11.413143
0.496230,-0.856886,-0.847132,0.488805,-1.038944,-0.536808,0.861294,3.000000,-20.201894
-0.250493,-0.856886,-0.847132,0.488805,-1.038944,-1.069516,2.139114,90.000000,-13.958689
-0.250493,-0.856886,-0.847132,0.488805,-1.038944,-1.069516,2.139114,7.000000,-25.595665
0.075001,-0.856886,-0.847132,0.488805,-1.038944,-0.768420,1.518922,7.000000,-21.220939
-0.250493,-0.856886,-0.847132,0.488805,-1.038944,-1.069516,2.139114,28.000000,-17.071673
0.496230,-0.856886,-0.847132,0.488805,-1.038944,-0.536808,0.861294,28.000000,-3.850971
0.496230,-0.856886,-0.847132,0.488805,-1.038944,-0.536808,0.861294,7.000000,-12.412884
0.075001,-0.856886,-0.847132,0.488805,-1.038944,-0.768420,1.518922,28.000000,-10.244482
0.496230,-0.856886,-0.847132,0.488805,-1.038944,-0.536808,0.861294,90.000000,5.862367
1.070632,-0.856886,-0.847132,0.488805,-1.038944,-0.415855,0.150008,7.000000,-8.075390
-0.250493,-0.856886,-0.847132,0.488805,-1.038944,-1.069516,2.139114,3.000000,-27.613761
-1.171452,1.905262,-0.847132,0.193657,-1.038944,0.870881,-0.490150,7.000000,-26.200335
-0.397923,3.310688,-0.847132,0.193657,-1.038944,-0.402987,-1.363659,7.000000,-10.395477
-0.411326,0.984546,-0.847132,0.193657,-1.038944,0.870881,-0.490150,7.000000,-20.126741
-0.950307,2.306481,-0.847132,0.193657,-1.038944,0.508021,-0.739724,28.000000,-7.882337
-0.839256,2.508250,-0.847132,0.193657,-1.038944,0.325305,-0.864511,28.000000,-3.191142
-0.245707,1.117899,-0.847132,0.193657,-1.038944,0.690738,-0.614937,7.000000,-18.581625
-0.080087,1.252412,-0.847132,0.193657,-1.038944,0.508021,-0.739724,7.000000,-16.052627
-0.397923,3.310688,-0.847132,0.193657,-1.038944,-0.402987,-1.363659,28.000000,3.617433
-0.577903,0.850033,-0.847132,0.193657,-1.038944,1.056170,-0.365363,28.000000,-10.072802
1.108926,-0.856886,-0.847132,0.193657,-1.038944,0.870881,-0.490150,28.000000,-2.735398
0.970112,-0.856886,-0.847132,0.193657,-1.038944,0.963525,-0.427756,7.000000,-11.752366
-0.674594,2.808585,-0.847132,0.193657,-1.038944,0.052517,-1.051692,7.000000,-13.997989
-1.171452,1.905262,-0.847132,0.193657,-1.038944,0.870881,-0.490150,28.000000,-14.751586
0.140100,-0.856886,-0.847132,0.193657,-1.038944,1.524542,-0.053395,7.000000,-20.974107
-0.245707,1.117899,-0.847132,0.193657,-1.038944,0.690738,-0.614937,28.000000,-3.766165
-0.743522,0.716680,-0.847132,0.193657,-1.038944,1.328958,-0.178182,7.000000,-23.860254
1.108926,-0.856886,-0.847132,0.193657,-1.038944,0.870881,-0.490150,7.000000,-10.369966
0.959581,-0.856886,-0.847132,0.193657,-1.038944,1.694391,0.133786,28.000000,-13.328508
0.140100,-0.856886,-0.847132,0.193657,-1.038944,1.524542,-0.053395,28.000000,-10.600941
-0.508974,3.110079,-0.847132,0.193657,-1.038944,-0.220271,-1.238872,28.000000,3.881503
-0.577903,0.850033,-0.847132,0.193657,-1.038944,1.056170,-0.365363,7.000000,-22.728823
0.334440,1.586375,-0.847132,0.193657,-1.038944,0.052517,-1.051692,28.000000,2.882452
-1.392597,1.502884,-0.847132,0.193657,-1.038944,1.328958,-0.178182,7.000000,-28.310821
-0.412283,-0.856886,-0.847132,0.193657,-1.038944,1.877108,0.196179,28.000000,-18.241714
0.555585,-0.856886,-0.847132,0.193657,-1.038944,1.238887,-0.240576,7.000000,-14.638512
-1.392597,1.502884,-0.847132,0.193657,-1.038944,1.328958,-0.178182,28.000000,-17.619117
-0.839256,2.508250,-0.847132,0.193657,-1.038944,0.325305,-0.864511,7.000000,-18.617478
-0.743522,0.716680,-0.847132,0.193657,-1.038944,1.328958,-0.178182,28.000000,-13.187855
0.086489,1.386925,-0.847132,0.193657,-1.038944,0.325305,-0.864511,7.000000,-13.958689
-0.950307,2.306481,-0.847132,0.193657,-1.038944,0.508021,-0.739724,7.000000,-23.445189
-1.061358,0.946280,-0.847132,0.193657,-1.038944,0.690738,-0.614937,28.000000,-10.091418
-0.674594,2.808585,-0.847132,0.193657,-1.038944,0.052517,-1.051692,28.000000,1.995786
-0.508974,3.110079,-0.847132,0.193657,-1.038944,-0.220271,-1.238872,7.000000,-13.900773
0.086489,1.386925,-0.847132,0.193657,-1.038944,0.325305,-0.864511,28.000000,-2.774699
0.959581,-0.856886,-0.847132,0.193657,-1.038944,1.694391,0.133786,7.000000,-21.276787
-0.411326,0.984546,-0.847132,0.193657,-1.038944,0.870881,-0.490150,28.000000,-8.904140
-0.909141,0.582168,-0.847132,0.193657,-1.038944,1.421603,-0.115788,7.000000,-27.821983
0.555585,-0.856886,-0.847132,0.193657,-1.038944,1.238887,-0.240576,28.000000,-3.917850
-0.412283,-0.856886,-0.847132,0.193657,-1.038944,1.877108,0.196179,7.000000,-25.481901
-0.274427,-0.856886,-0.847132,0.193657,-1.038944,1.784463,0.133786,28.000000,-16.052627
0.970112,-0.856886,-0.847132,0.193657,-1.038944,0.963525,-0.427756,28.000000,1.620021
-0.274427,-0.856886,-0.847132,0.193657,-1.038944,1.784463,0.133786,7.000000,-24.333924
0.334440,1.586375,-0.847132,0.193657,-1.038944,0.052517,-1.051692,7.000000,-11.380048
-0.909141,0.582168,-0.847132,0.193657,-1.038944,1.421603,-0.115788,28.000000,-18.221029
-1.061358,0.946280,-0.847132,0.193657,-1.038944,0.690738,-0.614937,7.000000,-25.087521
-0.080087,1.252412,-0.847132,0.193657,-1.038944,0.508021,-0.739724,28.000000,-4.436336
0.553670,-0.856886,-0.847132,0.723050,-1.038944,-0.063289,0.092606,3.000000,-22.593686
0.553670,-0.856886,-0.847132,0.723050,-1.038944,-0.063289,0.092606,7.000000,-14.850871
0.553670,-0.856886,-0.847132,0.723050,-1.038944,-0.063289,0.092606,14.000000,-8.776587
0.553670,-0.856886,-0.847132,0.723050,-1.038944,-0.063289,0.092606,28.000000,-3.777886
0.553670,-0.856886,-0.847132,0.723050,-1.038944,-0.063289,0.092606,90.000000,-0.647665
0.553670,-0.856886,-0.847132,0.723050,-1.038944,-0.063289,0.092606,180.000000,0.627866
0.553670,-0.856886,-0.847132,0.723050,-1.038944,-0.063289,0.092606,365.000000,3.075505
-0.432387,-0.856886,-0.847132,0.582503,-1.038944,-0.063289,1.390392,3.000000,-29.350551
-0.432387,-0.856886,-0.847132,0.582503,-1.038944,-0.063289,1.390392,14.000000,-22.979793
-0.432387,-0.856886,-0.847132,0.582503,-1.038944,-0.063289,1.390392,28.000000,-17.401932
-0.432387,-0.856886,-0.847132,0.582503,-1.038944,-0.063289,1.390392,90.000000,-13.871815
-0.432387,-0.856886,-0.847132,0.535654,-1.038944,-0.063289,1.390392,180.000000,-11.713755
-0.432387,-0.856886,-0.847132,0.535654,-1.038944,-0.063289,1.390392,365.000000,-10.734699
-0.039879,-0.856886,-0.847132,0.441956,-1.038944,-0.063289,1.028509,14.000000,-14.554396
-0.039879,-0.856886,-0.847132,0.441956,-1.038944,-0.063289,1.028509,28.000000,-9.852170
-0.039879,-0.856886,-0.847132,0.441956,-1.038944,-0.063289,1.028509,3.000000,-24.455271
-0.039879,-0.856886,-0.847132,0.441956,-1.038944,-0.063289,1.028509,90.000000,-4.563889
-0.039879,-0.856886,-0.847132,0.441956,-1.038944,-0.063289,1.028509,180.000000,-3.488306
-0.039879,-0.856886,-0.847132,0.441956,-1.038944,-0.063289,1.028509,360.000000,-2.116249
-0.260067,-0.856886,-0.847132,0.769899,-1.038944,-0.063289,1.115860,3.000000,-26.509910
-0.260067,-0.856886,-0.847132,0.769899,-1.038944,-0.063289,1.115860,90.000000,-8.873114
-0.260067,-0.856886,-0.847132,0.769899,-1.038944,-0.063289,1.115860,180.000000,-8.190533
-0.260067,-0.856886,-0.847132,0.769899,-1.038944,-0.063289,1.115860,365.000000,-6.032473
0.247322,-0.856886,-0.847132,0.535654,-1.038944,-0.063289,0.479446,180.000000,-1.330246
0.247322,-0.856886,-0.847132,0.535654,-1.038944,-0.063289,0.479446,365.000000,0.331391
0.247322,-0.856886,-0.847132,0.535654,-1.038944,-0.063289,0.479446,3.000000,-23.276267
0.247322,-0.856886,-0.847132,0.535654,-1.038944,-0.063289,0.479446,28.000000,-8.287059
0.247322,-0.856886,-0.847132,0.535654,-1.038944,-0.063289,0.479446,90.000000,-2.895357
-0.432387,-0.856886,-0.847132,0.535654,-1.038944,-0.063289,1.390392,7.000000,-25.827329
-0.777029,-0.856886,-0.847132,-0.073382,-1.038944,1.956885,0.891243,7.000000,-27.978494
-0.777029,-0.856886,-0.847132,-0.073382,-1.038944,1.956885,0.891243,28.000000,-23.572742
-0.537695,-0.856886,-0.847132,-0.026533,-1.038944,1.802477,0.741499,7.000000,-24.648325
-0.537695,-0.856886,-0.847132,-0.026533,-1.038944,1.802477,0.741499,28.000000,-18.477514
0.419643,-0.856886,-0.847132,0.114014,-1.038944,1.159109,0.117563,7.000000,-18.277566
0.419643,-0.856886,-0.847132,0.114014,-1.038944,1.159109,0.117563,28.000000,-5.246470
-0.059026,-0.856886,-0.847132,0.067165,-1.038944,1.480793,0.429531,7.000000,-21.614630
-0.059026,-0.856886,-0.847132,0.067165,-1.038944,1.480793,0.429531,28.000000,-11.320754
0.180308,-0.856886,-0.847132,0.114014,-1.038944,1.313517,0.267308,7.000000,-20.242573
0.180308,-0.856886,-0.847132,0.114014,-1.038944,1.313517,0.267308,28.000000,-8.969640
0.898311,-0.856886,-0.847132,0.207711,-1.038944,0.837425,-0.194404,7.000000,-9.755643
0.898311,-0.856886,-0.847132,0.207711,-1.038944,0.837425,-0.194404,28.000000,2.392924
1.137646,-0.856886,-0.847132,0.254560,-1.038944,0.670150,-0.356628,28.000000,7.881153
1.137646,-0.856886,-0.847132,0.254560,-1.038944,0.670150,-0.356628,7.000000,-5.673945
-0.298360,-0.856886,-0.847132,0.020316,-1.038944,1.635201,0.579276,7.000000,-23.083214
-0.298360,-0.856886,-0.847132,0.020316,-1.038944,1.635201,0.579276,28.000000,-14.947397
0.658977,-0.856886,-0.847132,0.207711,-1.038944,0.991834,-0.044660,7.000000,-15.540347
0.658977,-0.856886,-0.847132,0.207711,-1.038944,0.991834,-0.044660,28.000000,-1.523300
-0.743522,2.683349,-0.847132,1.027568,-1.038944,-0.122479,-1.791679,7.000000,-16.278775
-0.296446,1.077314,-0.847132,1.027568,-1.038944,0.060237,-0.991794,90.000000,11.896661
-1.188684,1.879751,-0.847132,0.488805,-1.038944,-0.482765,0.095102,90.000000,7.559168
-1.338986,1.601449,-0.847132,1.027568,-1.038944,-0.014393,-0.312952,28.000000,-5.925604
-1.094865,2.044413,-0.847132,1.027568,-1.038944,0.034503,-1.010512,3.000000,-28.915492
-1.518008,1.275604,-0.847132,1.027568,-1.038944,-0.189389,0.330949,90.000000,-2.625772
-0.931160,0.564774,-0.847132,1.027568,-1.038944,-0.176522,0.329701,3.000000,-30.914283
-1.715219,0.917290,-0.847132,0.488805,-1.038944,-1.105545,2.101678,3.000000,-31.252815
-1.715219,0.917290,-0.847132,0.488805,-1.038944,-1.105545,2.101678,90.000000,-10.356866
-1.518008,1.275604,-0.847132,1.027568,-1.038944,-0.189389,0.330949,28.000000,-11.526907
-1.094865,2.044413,-0.847132,1.027568,-1.038944,0.034503,-1.010512,28.000000,-1.870106
-0.777029,0.685371,-0.847132,0.488805,-1.038944,-0.096744,0.407069,3.000000,-24.403561
-1.654907,1.026291,-0.847132,1.027568,-1.038944,-0.446736,0.941158,28.000000,-15.223877
0.231047,1.502884,-0.847132,1.027568,-1.038944,-0.096744,-1.779200,7.000000,-9.923875
-1.654907,1.026291,-0.847132,1.027568,-1.038944,-0.446736,0.941158,90.000000,-6.586122
-1.581192,1.149208,-0.847132,0.488805,-1.038944,-0.812169,1.476495,90.000000,-4.794174
-1.338986,1.601449,-0.847132,1.027568,-1.038944,-0.014393,-0.312952,7.000000,-25.423985
-1.188684,1.879751,-0.847132,0.488805,-1.038944,-0.482765,0.095102,28.000000,-2.153481
-1.418445,1.462298,-0.847132,0.488805,-1.038944,-0.585704,0.818867,28.000000,-7.943011
-0.296446,1.077314,-0.847132,1.027568,-1.038944,0.060237,-0.991794,7.000000,-16.467692
-1.035510,0.488241,-0.847132,0.488805,-1.038944,-0.336077,1.038492,7.000000,-24.425624
-0.853616,2.482739,-0.847132,0.488805,-1.038944,-0.554822,-0.717262,3.000000,-23.029435
-0.853616,2.482739,-0.847132,0.488805,-1.038944,-0.554822,-0.717262,28.000000,3.503670
-1.226977,0.325898,-0.847132,0.488805,-1.038944,-1.092677,2.115405,3.000000,-31.035630
0.065428,1.369531,-0.847132,0.488805,-1.038944,-0.526514,-0.696048,3.000000,-19.708229
0.231047,1.502884,-0.847132,1.027568,-1.038944,-0.096744,-1.779200,28.000000,7.559168
-0.432387,0.963674,-0.847132,0.488805,-1.038944,-0.004099,-0.305465,7.000000,-15.401762
-1.035510,0.488241,-0.847132,0.488805,-1.038944,-0.336077,1.038492,3.000000,-28.876881
-0.662148,0.781618,-0.847132,1.027568,-1.038944,0.006194,-0.294234,7.000000,-20.787259
-0.432387,0.963674,-0.847132,0.488805,-1.038944,-0.004099,-0.305465,3.000000,-22.252396
-0.931160,0.564774,-0.847132,1.027568,-1.038944,-0.176522,0.329701,90.000000,-3.284911
-1.094865,2.044413,-0.847132,1.027568,-1.038944,0.034503,-1.010512,7.000000,-20.069515
-1.715219,0.917290,-0.847132,0.488805,-1.038944,-1.105545,2.101678,7.000000,-28.141900
0.065428,1.369531,-0.847132,0.488805,-1.038944,-0.526514,-0.696048,28.000000,2.986563
-0.662148,0.781618,-0.847132,1.027568,-1.038944,0.006194,-0.294234,28.000000,-2.813999
-1.715219,0.917290,-0.847132,0.488805,-1.038944,-1.105545,2.101678,28.000000,-18.542325
-1.035510,0.488241,-0.847132,0.488805,-1.038944,-0.336077,1.038492,28.000000,-11.535870
-0.931160,0.564774,-0.847132,1.027568,-1.038944,-0.176522,0.329701,28.000000,-11.771671
-1.418445,1.462298,-0.847132,0.488805,-1.038944,-0.585704,0.818867,90.000000,0.770587
-0.853616,2.482739,-0.847132,0.488805,-1.038944,-0.554822,-0.717262,90.000000,14.914498
-1.418445,1.462298,-0.847132,0.488805,-1.038944,-0.585704,0.818867,7.000000,-22.153800
0.231047,1.502884,-0.847132,1.027568,-1.038944,-0.096744,-1.779200,3.000000,-21.673925
-0.432387,0.963674,-0.847132,0.488805,-1.038944,-0.004099,-0.305465,90.000000,11.964230
-1.654907,1.026291,-0.847132,1.027568,-1.038944,-0.446736,0.941158,3.000000,-33.486028
-1.188684,1.879751,-0.847132,0.488805,-1.038944,-0.482765,0.095102,7.000000,-18.928432
0.065428,1.369531,-0.847132,0.488805,-1.038944,-0.526514,-0.696048,7.000000,-12.294294
-0.662148,0.781618,-0.847132,1.027568,-1.038944,0.006194,-0.294234,3.000000,-29.009260
-0.662148,0.781618,-0.847132,1.027568,-1.038944,0.006194,-0.294234,90.000000,3.882192
-1.226977,0.325898,-0.847132,0.488805,-1.038944,-1.092677,2.115405,28.000000,-17.853539
-0.432387,0.963674,-0.847132,0.488805,-1.038944,-0.004099,-0.305465,28.000000,-2.933278
-1.581192,1.149208,-0.847132,0.488805,-1.038944,-0.812169,1.476495,28.000000,-13.469850
-0.931160,0.564774,-0.847132,1.027568,-1.038944,-0.176522,0.329701,7.000000,-25.030294
-1.654907,1.026291,-0.847132,1.027568,-1.038944,-0.446736,0.941158,7.000000,-28.094326
-0.743522,2.683349,-0.847132,1.027568,-1.038944,-0.122479,-1.791679,28.000000,5.866504
-0.743522,2.683349,-0.847132,1.027568,-1.038944,-0.122479,-1.791679,3.000000,-26.256183
-1.418445,1.462298,-0.847132,0.488805,-1.038944,-0.585704,0.818867,3.000000,-28.934107
0.065428,1.369531,-0.847132,0.488805,-1.038944,-0.526514,-0.696048,90.000000,14.709034
-0.777029,0.685371,-0.847132,0.488805,-1.038944,-0.096744,0.407069,7.000000,-18.651952
-0.777029,0.685371,-0.847132,0.488805,-1.038944,-0.096744,0.407069,28.000000,-5.378160
-0.296446,1.077314,-0.847132,1.027568,-1.038944,0.060237,-0.991794,3.000000,-26.086572
-1.518008,1.275604,-0.847132,1.027568,-1.038944,-0.189389,0.330949,3.000000,-32.498009
-1.226977,0.325898,-0.847132,0.488805,-1.038944,-1.092677,2.115405,90.000000,-9.495021
-0.777029,0.685371,-0.847132,0.488805,-1.038944,-0.096744,0.407069,90.000000,7.432994
-1.581192,1.149208,-0.847132,0.488805,-1.038944,-0.812169,1.476495,3.000000,-29.537399
-1.035510,0.488241,-0.847132,0.488805,-1.038944,-0.336077,1.038492,90.000000,-3.715144
-0.296446,1.077314,-0.847132,1.027568,-1.038944,0.060237,-0.991794,28.000000,1.146351
0.231047,1.502884,-0.847132,1.027568,-1.038944,-0.096744,-1.779200,90.000000,18.781079
-0.853616,2.482739,-0.847132,0.488805,-1.038944,-0.554822,-0.717262,7.000000,-14.337211
-1.188684,1.879751,-0.847132,0.488805,-1.038944,-0.482765,0.095102,3.000000,-26.123114
-1.226977,0.325898,-0.847132,0.488805,-1.038944,-1.092677,2.115405,7.000000,-27.443460
-1.338986,1.601449,-0.847132,1.027568,-1.038944,-0.014393,-0.312952,90.000000,3.844271
-1.581192,1.149208,-0.847132,0.488805,-1.038944,-0.812169,1.476495,7.000000,-25.728044
-1.338986,1.601449,-0.847132,1.027568,-1.038944,-0.014393,-0.312952,3.000000,-30.990125
-1.518008,1.275604,-0.847132,1.027568,-1.038944,-0.189389,0.330949,7.000000,-25.463285
-1.094865,2.044413,-0.847132,1.027568,-1.038944,0.034503,-1.010512,90.000000,7.747395
-0.743522,2.683349,-0.847132,1.027568,-1.038944,-0.122479,-1.791679,90.000000,16.045928
0.276042,-0.856886,-0.847132,0.488805,-1.038944,0.502874,0.704063,3.000000,-23.965743
0.276042,-0.856886,-0.847132,0.488805,-1.038944,0.502874,0.704063,7.000000,-18.574041
0.276042,-0.856886,-0.847132,0.488805,-1.038944,0.502874,0.704063,28.000000,-7.990584
0.276042,-0.856886,-0.847132,0.488805,-1.038944,0.502874,0.704063,90.000000,-0.054716
0.276042,-0.856886,-0.847132,0.488805,-1.038944,0.502874,0.704063,120.000000,2.882452
0.477083,-0.856886,-0.847132,0.488805,-1.038944,0.670150,0.591754,3.000000,-21.511209
0.477083,-0.856886,-0.847132,0.488805,-1.038944,0.670150,0.591754,7.000000,-18.380988
0.477083,-0.856886,-0.847132,0.488805,-1.038944,0.670150,0.591754,28.000000,-4.074361
0.477083,-0.856886,-0.847132,0.488805,-1.038944,0.670150,0.591754,90.000000,2.096449
0.477083,-0.856886,-0.847132,0.488805,-1.038944,0.670150,0.591754,120.000000,3.565033
0.649404,-0.856886,-0.847132,0.488805,-1.038944,1.069038,0.442010,3.000000,-19.946098
0.649404,-0.856886,-0.847132,0.488805,-1.038944,1.069038,0.442010,7.000000,-26.806385
0.649404,-0.856886,-0.847132,0.488805,-1.038944,1.069038,0.442010,28.000000,-2.212776
0.649404,-0.856886,-0.847132,0.488805,-1.038944,1.069038,0.442010,90.000000,4.840564
0.649404,-0.856886,-0.847132,0.488805,-1.038944,1.069038,0.442010,120.000000,5.040512
-0.413241,-0.856886,-0.847132,0.207711,-1.038944,1.879681,0.192436,7.000000,-23.765795
-0.413241,-0.856886,-0.847132,0.207711,-1.038944,1.879681,0.192436,28.000000,-18.277566
0.142015,-0.856886,-0.847132,0.207711,-1.038944,1.506528,-0.057139,7.000000,-16.905509
0.142015,-0.856886,-0.847132,0.207711,-1.038944,1.506528,-0.057139,28.000000,-10.638172
0.151588,-0.856886,-0.847132,0.207711,-1.038944,0.863160,-0.493893,7.000000,-4.860363
1.903515,-0.856886,-0.847132,0.488805,-1.038944,-0.475045,-0.656117,28.000000,8.074206
1.903515,-0.856886,-0.847132,0.488805,-1.038944,-0.475045,-0.656117,90.000000,18.457715
1.108926,-0.856886,-0.847132,0.207711,-1.038944,0.863160,-0.493893,28.000000,1.117393
-0.001586,-0.856886,-0.847132,0.207711,-1.038944,1.686671,0.005255,7.000000,-21.318156
-0.001586,-0.856886,-0.847132,0.160862,-1.038944,1.686671,0.005255,28.000000,-13.382287
2.094983,-0.856886,-0.847132,0.863597,-1.038944,1.956885,-2.003817,1.000000,-23.179741
2.094983,-0.856886,-0.847132,0.863597,-1.038944,1.956885,-2.003817,3.000000,-9.755643
2.094983,-0.856886,-0.847132,0.863597,-1.038944,1.956885,-2.003817,7.000000,-2.605777
2.094983,-0.856886,-0.847132,0.863597,-1.038944,1.956885,-2.003817,14.000000,1.117393
2.094983,-0.856886,-0.847132,0.863597,-1.038944,1.956885,-2.003817,28.000000,8.274154
2.477918,-0.856886,-0.847132,-0.401325,-1.038944,1.956885,-2.003817,7.000000,16.796078
2.477918,-0.856886,-0.847132,-0.401325,-1.038944,1.956885,-2.003817,14.000000,23.945944
2.477918,-0.856886,-0.847132,-0.401325,-1.038944,1.956885,-2.003817,28.000000,31.488811
2.477918,-0.856886,-0.847132,-0.401325,-1.038944,1.956885,-2.003817,90.000000,33.839924
2.477918,-0.856886,-0.847132,-0.401325,-1.038944,1.956885,-2.003817,180.000000,35.804931
2.477918,-0.856886,-0.847132,-0.401325,-1.038944,1.956885,-2.003817,270.000000,38.349097
0.658977,-0.856886,-0.847132,1.004143,-1.038944,0.013915,0.017734,7.000000,-17.691512
0.658977,-0.856886,-0.847132,1.004143,-1.038944,0.013915,0.017734,14.000000,-13.285760
0.658977,-0.856886,-0.847132,1.004143,-1.038944,0.013915,0.017734,28.000000,-8.480112
0.658977,-0.856886,-0.847132,1.004143,-1.038944,0.013915,0.017734,56.000000,-5.839419
0.658977,-0.856886,-0.847132,1.004143,-1.038944,0.013915,0.017734,90.000000,-4.467362
0.658977,-0.856886,-0.847132,1.004143,-1.038944,0.013915,0.017734,180.000000,-3.095305
0.994045,-0.856886,-0.847132,0.207711,-1.038944,-0.089024,-0.132011,1.000000,-29.550499
0.994045,-0.856886,-0.847132,0.207711,-1.038944,-0.089024,-0.132011,3.000000,-21.118208
0.994045,-0.856886,-0.847132,0.207711,-1.038944,-0.089024,-0.132011,7.000000,-12.596284
0.994045,-0.856886,-0.847132,0.207711,-1.038944,-0.089024,-0.132011,14.000000,-7.894058
0.994045,-0.856886,-0.847132,0.207711,-1.038944,-0.089024,-0.132011,28.000000,-4.467362
0.477083,-0.856886,-0.847132,0.488805,-1.038944,0.065384,0.641669,180.000000,3.178927
0.477083,-0.856886,-0.847132,0.488805,-1.038944,0.065384,0.641669,360.000000,5.426618
0.649404,-0.856886,-0.847132,0.488805,-1.038944,0.953232,0.404574,3.000000,-20.828628
0.477083,-0.856886,-0.847132,0.488805,-1.038944,0.065384,0.641669,3.000000,-22.297211
0.965325,-0.856886,-0.847132,0.207711,-1.038944,0.953232,-0.431500,7.000000,-11.817176
0.965325,-0.856886,-0.847132,0.207711,-1.038944,0.953232,-0.431500,28.000000,1.606921
0.965325,-0.856886,-0.847132,0.207711,-1.038944,1.776742,0.130042,7.000000,-24.351850
-0.001586,-0.856886,-0.847132,0.207711,-1.038944,1.686671,0.005255,28.000000,-13.382287
0.553670,-0.856886,-0.847132,0.160862,-1.038944,1.236313,-0.244319,7.000000,-14.657817
0.553670,-0.856886,-0.847132,0.160862,-1.038944,1.236313,-0.244319,28.000000,-3.977834
0.132442,-0.856886,-0.847132,0.160862,-1.038944,1.236313,-0.057139,7.000000,-21.021681
0.132442,-0.856886,-0.847132,0.160862,-1.038944,1.236313,-0.057139,28.000000,-10.638172
-0.413241,-0.856886,-0.847132,0.160862,-1.038944,1.866814,0.192436,28.000000,-18.277566
0.142015,-0.856886,-0.847132,0.488805,-1.038944,1.442191,-0.107053,7.000000,-21.614630
0.142015,-0.856886,-0.847132,0.488805,-1.038944,1.442191,-0.107053,28.000000,-14.168289
0.142015,-0.856886,-0.847132,0.488805,-1.038944,1.442191,-0.107053,90.000000,-6.425474
0.477083,-0.856886,-0.847132,0.488805,-1.038944,-1.208484,0.641669,3.000000,-22.297211
0.477083,-0.856886,-0.847132,0.488805,-1.038944,0.065384,0.641669,7.000000,-19.553097
0.477083,-0.856886,-0.847132,0.488805,-1.038944,0.065384,0.641669,28.000000,-4.370835
0.477083,-0.856886,-0.847132,0.488805,-1.038944,0.065384,0.641669,90.000000,1.413868
0.649404,-0.856886,-0.847132,0.488805,-1.038944,0.953232,0.404574,7.000000,-17.691512
0.649404,-0.856886,-0.847132,0.488805,-1.038944,0.953232,0.404574,28.000000,-3.095305
0.649404,-0.856886,-0.847132,0.488805,-1.038944,0.953232,0.404574,90.000000,3.668455
0.649404,-0.856886,-0.847132,0.488805,-1.038944,0.953232,0.404574,180.000000,5.233565
0.649404,-0.856886,-0.847132,0.488805,-1.038944,0.953232,0.404574,360.000000,6.309148
0.199455,-0.856886,-0.847132,1.004143,-1.038944,0.013915,0.541839,14.000000,-17.691512
0.199455,-0.856886,-0.847132,1.004143,-1.038944,0.013915,0.541839,180.000000,-9.073062
2.334317,-0.856886,-0.847132,0.348258,-1.038944,1.956885,-2.003817,180.000000,26.104004
2.094983,-0.856886,-0.847132,0.863597,-1.038944,1.956885,-2.003817,90.000000,11.404375
2.094983,-0.856886,-0.847132,0.863597,-1.038944,1.956885,-2.003817,180.000000,15.224072
2.094983,-0.856886,-0.847132,0.863597,-1.038944,1.956885,-2.003817,270.000000,19.340244
2.477918,-0.856886,-0.847132,-0.401325,-1.038944,1.956885,-2.003817,3.000000,5.819620
-0.279213,-0.856886,-0.847132,0.160862,-1.038944,1.776742,0.130042,7.000000,-22.104158
-0.279213,-0.856886,-0.847132,0.160862,-1.038944,1.776742,0.130042,28.000000,-16.126401
0.553670,-0.856886,-0.847132,0.160862,-1.038944,1.120507,-0.244319,28.000000,-4.170887
1.070632,-0.856886,-0.847132,0.488805,-1.038944,-0.423575,-0.194404,3.000000,-16.712456
1.070632,-0.856886,-0.847132,0.488805,-1.038944,-0.423575,-0.194404,28.000000,3.764981
1.070632,-0.856886,-0.847132,0.488805,-1.038944,-0.423575,-0.194404,90.000000,12.976381
0.965325,-0.856886,-0.847132,0.160862,-1.038944,0.953232,-0.431500,7.000000,-11.817176
0.965325,-0.856886,-0.847132,0.160862,-1.038944,0.953232,-0.431500,28.000000,1.606921
-0.279213,-0.856886,-0.847132,0.207711,-1.038944,1.776742,0.130042,7.000000,-24.351850
-0.279213,-0.856886,-0.847132,0.160862,-1.038944,1.776742,0.130042,28.000000,-16.126401
0.276042,-0.856886,-0.847132,0.488805,-1.038944,-0.037555,0.953637,7.000000,-20.828628
0.276042,-0.856886,-0.847132,0.488805,-1.038944,-0.037555,0.953637,28.000000,-7.894058
0.276042,-0.856886,-0.847132,0.488805,-1.038944,-0.037555,0.953637,90.000000,-1.137193
0.276042,-0.856886,-0.847132,0.488805,-1.038944,-0.037555,0.953637,180.000000,1.510395
0.276042,-0.856886,-0.847132,0.488805,-1.038944,-0.037555,0.953637,360.000000,2.296397
2.334317,-0.856886,-0.847132,0.348258,-1.038944,1.956885,-2.003817,3.000000,-2.019722
2.334317,-0.856886,-0.847132,0.348258,-1.038944,1.956885,-2.003817,7.000000,6.605622
2.334317,-0.856886,-0.847132,0.348258,-1.038944,1.956885,-2.003817,14.000000,12.583379
2.334317,-0.856886,-0.847132,0.348258,-1.038944,1.956885,-2.003817,28.000000,20.126247
2.334317,-0.856886,-0.847132,0.348258,-1.038944,1.956885,-2.003817,90.000000,22.966888
2.334317,-0.856886,-0.847132,0.348258,-1.038944,1.956885,-2.003817,270.000000,31.295758
0.390923,-0.856886,-0.847132,1.004143,-1.038944,0.013915,0.329701,14.000000,-15.043924
0.390923,-0.856886,-0.847132,1.004143,-1.038944,0.013915,0.329701,28.000000,-10.638172
0.390923,-0.856886,-0.847132,1.004143,-1.038944,0.013915,0.329701,180.000000,-6.232421
0.199455,-0.856886,-0.847132,1.004143,-1.038944,0.013915,0.541839,28.000000,-14.064868
1.108926,-0.856886,-0.847132,0.160862,-1.038944,0.863160,-0.493893,28.000000,3.275453
1.903515,-0.856886,-0.847132,0.488805,-1.038944,-0.475045,-0.656117,3.000000,-11.424175
2.305597,-0.856886,-0.847132,-1.666246,-1.038944,-0.989739,1.527657,7.000000,14.693176
2.305597,-0.856886,-0.847132,-1.666246,-1.038944,-0.989739,1.527657,28.000000,39.169574
-0.078173,0.360686,0.434811,1.332086,0.468444,-0.886800,-1.167744,28.000000,1.351815
-1.140817,1.346339,1.466619,-0.120231,2.143320,-1.736045,-0.406542,28.000000,-2.061091
-1.217404,0.812927,0.903815,1.800576,0.635932,-0.642320,-1.442275,28.000000,-19.318675
-1.284418,0.476645,0.544245,0.957295,0.468444,-1.452963,0.691584,28.000000,-15.829927
-1.236551,1.207188,1.325918,-0.635570,1.975833,-0.372106,-0.980563,28.000000,0.531339
0.276042,0.801331,0.888181,-0.635570,2.645783,-0.758126,-1.529626,28.000000,-2.130038
-1.313138,-0.856886,1.888722,-1.104059,1.975833,-0.384973,0.878765,28.000000,-20.401152
0.218602,0.766543,-0.847132,1.519482,-0.034019,-1.002606,-0.643638,28.000000,-2.398934
0.888738,-0.856886,-0.847132,0.395107,0.133469,0.515742,-0.543808,28.000000,3.234085
-1.169537,0.870906,0.966348,-0.307627,1.473370,-0.256300,-0.668595,28.000000,-8.142269
-1.226977,1.914539,-0.847132,0.863597,-0.034019,0.374201,-1.117829,28.000000,-8.962746
0.276042,0.801331,-0.847132,-0.635570,0.635932,-0.758126,0.379616,28.000000,9.480737
0.228175,-0.856886,0.716213,0.676201,0.635932,-0.179095,-0.855776,28.000000,-5.694629
-1.246124,-0.856886,2.029423,-0.682419,0.970907,0.232660,-0.019702,28.000000,-20.249468
-1.332284,1.079633,1.185217,-0.354476,0.803419,-1.157014,0.142521,28.000000,8.791261
0.161162,0.731755,0.825647,0.910446,-0.034019,-1.221351,-1.479711,28.000000,17.706186
0.381349,1.044845,-0.847132,0.395107,-0.201506,-1.324290,0.005255,28.000000,21.394883
0.812151,1.311551,-0.847132,0.441956,0.133469,-1.916188,-0.206883,28.000000,30.089175
-0.011159,0.638988,0.716213,-0.448174,0.468444,-1.903321,0.392095,28.000000,17.002921
-0.279213,0.267918,0.341010,0.582503,0.300957,-1.774647,0.591754,28.000000,-2.419618
-1.112097,-0.856886,1.497886,0.020316,0.970907,0.644415,-0.556287,28.000000,-17.788038
-1.198257,1.960923,-0.847132,-0.073382,0.803419,0.631548,-0.943127,28.000000,1.544869
-1.159964,1.323147,1.435352,1.004143,0.803419,-1.851851,-0.793382,28.000000,-2.978094
0.161162,-0.856886,0.825647,0.207711,-0.034019,-1.208484,0.516882,28.000000,6.819360
0.352629,-0.856886,1.122683,1.332086,-0.034019,-1.440096,-0.456457,28.000000,4.240720
0.055855,0.546220,0.622413,0.301409,0.468444,-0.886800,-0.968084,28.000000,6.122989
0.429216,1.068037,-0.847132,-0.354476,0.468444,-1.169882,0.204914,28.000000,25.414528
0.716417,-0.856886,1.372818,0.535654,0.803419,-2.212137,0.055170,28.000000,5.047407
-1.428018,1.543470,1.669854,-0.120231,-0.201506,-1.362892,-0.468936,28.000000,-2.516145
0.390923,0.870906,-0.847132,0.207711,0.300957,-0.282034,-0.805861,28.000000,16.603024
-1.121670,-0.856886,2.279559,-0.026533,1.138395,-1.594504,0.903722,28.000000,-20.732101
0.314336,-0.856886,0.919448,-0.541872,0.635932,-0.616585,0.117563,28.000000,2.641135
0.381349,-0.856886,1.153950,0.020316,0.803419,-1.324290,0.080127,28.000000,1.441447
-1.351431,1.044845,1.153950,2.597008,-0.034019,-1.337157,-1.467233,28.000000,-0.592507
0.065428,0.546220,-0.847132,-0.213929,0.133469,-0.835330,0.691584,28.000000,6.316043
0.161162,-0.856886,0.825647,1.332086,0.803419,-1.195616,-0.369106,28.000000,-3.943360
-0.154760,0.430261,0.497345,0.629352,-0.034019,-1.800382,0.204914,28.000000,5.723093
-1.159964,2.042094,-0.847132,-0.635570,0.970907,0.978966,-1.067914,28.000000,3.633981
-1.102523,2.158054,-0.847132,0.067165,1.138395,-1.465831,0.666627,28.000000,2.096449
-0.049453,0.488241,0.559879,-0.073382,0.468444,-1.324290,-0.069617,28.000000,8.460313
0.390923,-0.856886,0.966348,0.676201,0.635932,-1.993392,0.491925,28.000000,-4.639731
-1.265271,0.754947,0.856914,0.535654,-0.034019,-1.041208,0.080127,28.000000,-12.127440
-1.169537,1.311551,-0.847132,-0.260778,0.803419,0.219792,0.192436,28.000000,-3.053936
-0.193053,0.302706,0.372277,0.910446,0.468444,-1.401494,-0.156968,28.000000,-3.419359
-0.422814,0.209939,0.262843,3.065497,-0.034019,-1.543035,-0.980563,28.000000,-7.190792
0.304762,-0.856886,0.919448,-0.167080,0.300957,0.374201,-1.055435,28.000000,0.986393
-1.207831,1.265167,-0.847132,0.535654,0.468444,0.953232,-0.955606,28.000000,-17.532932
-1.293991,1.810176,-0.847132,0.957295,-0.536481,-1.877586,1.228168,28.000000,-2.757462
0.142015,-0.856886,0.825647,1.847424,0.803419,-1.980525,0.055170,28.000000,-4.398415
-1.418445,1.578257,-0.847132,0.676201,-0.536481,-0.307769,0.267308,28.000000,-4.791416
0.304762,0.824522,-0.847132,-0.167080,0.300957,-1.362892,0.629190,28.000000,8.570629
-1.236551,-0.856886,0.903815,0.114014,0.300957,0.245527,0.529361,28.000000,-23.641690
-1.226977,0.824522,0.919448,-0.167080,0.300957,0.374201,-1.055435,28.000000,-10.258961
-1.351431,0.685371,0.763114,0.863597,0.133469,-0.732392,-0.256798,28.000000,0.620971
-1.265271,1.879751,-0.847132,-0.260778,1.138395,-1.620239,1.490221,28.000000,-2.860883
0.180308,-0.856886,1.028882,1.425784,0.635932,-1.221351,-0.568766,28.000000,-11.982651
-1.226977,0.824522,0.919448,-0.167080,0.300957,-1.362892,0.629190,28.000000,-9.590169
-1.274844,-0.856886,1.294651,-1.104059,1.640857,0.374201,0.704063,28.000000,-17.863881
0.429216,-0.856886,1.310284,0.816748,0.803419,-2.212137,0.229872,28.000000,4.861248
-1.226977,0.824522,-0.847132,-0.167080,0.300957,0.348466,0.604233,28.000000,-16.808983
-0.183480,0.430261,0.497345,0.629352,-0.201506,-1.002606,-0.506372,28.000000,-2.102459
-1.179110,-0.856886,2.201391,1.800576,0.803419,-0.964004,-0.755946,28.000000,-27.282123
-1.246124,-0.856886,2.045057,-0.682419,1.640857,1.300650,-1.192701,28.000000,-22.359264
-0.078173,-0.856886,0.559879,0.816748,0.803419,-0.539381,-0.144490,28.000000,-3.577938
-1.265271,0.511433,0.591146,0.067165,0.133469,-0.256300,0.080127,28.000000,-12.299809
-1.322711,1.102825,1.388452,0.441956,0.300957,-0.076157,-1.629456,28.000000,-6.094525
-0.202626,0.314302,0.372277,-0.495023,0.635932,-0.475045,-0.132011,28.000000,13.955437
0.304762,1.010057,-0.847132,-0.167080,0.635932,-0.719524,-0.181926,28.000000,16.623709
0.027134,0.534624,-0.847132,-0.635570,0.133469,-0.037555,0.254829,28.000000,5.116354
0.524950,-0.856886,-0.847132,0.020316,-0.536481,0.168323,0.541839,28.000000,9.046367
-1.303564,-0.856886,1.247751,-0.026533,0.803419,0.078252,0.479446,28.000000,-22.621265
-1.255697,1.891347,-0.847132,-0.354476,0.970907,1.236313,-1.230137,28.000000,1.613816
-1.313138,1.114420,1.232117,0.488805,0.300957,-2.044862,0.392095,28.000000,-5.949736
0.477083,1.114420,-0.847132,0.629352,0.300957,-2.083464,0.354659,28.000000,20.795039
-1.207831,-0.856886,1.388452,0.535654,0.468444,0.953232,-0.955606,28.000000,-23.359005
-1.207831,1.265167,-0.847132,0.535654,0.468444,-1.234218,1.178254,28.000000,-12.030914
-1.399298,-0.856886,1.748021,-0.073382,0.635932,-0.153361,0.392095,28.000000,-22.524739
-0.145186,0.441857,0.512978,-0.167080,0.635932,-0.809596,-0.356628,28.000000,3.599507
0.314336,0.824522,0.919448,-0.120231,0.300957,-1.337157,-1.042957,28.000000,10.411530
0.304762,0.824522,-0.847132,-2.556376,0.300957,0.348466,0.604233,28.000000,8.701629
-1.293991,1.149208,-0.847132,0.020316,-0.536481,0.168323,0.541839,28.000000,-12.079177
-1.313138,0.720159,0.810014,-0.167080,0.133469,-0.410708,0.005255,28.000000,-9.672906
-1.274844,-0.856886,1.998156,-0.026533,1.473370,-1.723178,1.377913,28.000000,-20.297731
-0.039879,0.499837,0.575512,0.441956,0.133469,-0.346371,-1.342446,28.000000,7.757047
0.161162,-0.856886,0.825647,-0.822965,1.138395,-0.256300,0.130042,28.000000,0.041811
0.304762,0.824522,-0.847132,-0.167080,0.300957,0.374201,-1.055435,28.000000,5.233565
-1.207831,1.276763,1.388452,0.582503,0.468444,-1.195616,-0.930648,28.000000,-6.832265
0.075001,0.696967,-0.847132,0.629352,-0.034019,-0.629453,-0.169447,28.000000,10.425319
-1.274844,1.172400,-0.847132,-0.495023,-0.703969,0.348466,0.679105,28.000000,-8.900693
-1.303564,-0.856886,1.951256,0.957295,0.300957,-1.916188,1.190732,28.000000,-25.282643
0.304762,-0.856886,-0.847132,-0.167080,0.300957,0.348466,0.604233,28.000000,-10.720909
-1.389725,1.021653,1.122683,-0.448174,0.635932,-0.642320,-0.119532,28.000000,-6.749528
-1.207831,-0.856886,1.388452,0.535654,0.468444,-1.234218,1.178254,28.000000,-26.082435
-0.250493,0.291110,0.356644,0.348258,-0.034019,-0.693790,-0.306713,28.000000,-2.019722
-1.140817,1.543470,1.841822,1.613180,0.635932,-1.941923,-1.691849,28.000000,4.026982
-1.389725,1.415914,0.684946,0.816748,-0.034019,-1.620239,0.117563,28.000000,-8.852429
-1.121670,1.033249,1.153950,0.723050,0.300957,-0.153361,-1.654413,28.000000,-8.583534
-1.140817,1.624641,1.716754,0.957295,0.635932,-1.967657,-1.167744,28.000000,-5.170628
-1.188684,1.624641,1.529153,0.863597,0.468444,-1.980525,-0.868255,28.000000,-2.764356
-1.265271,0.917290,2.185758,0.488805,0.300957,-0.487912,-1.879030,28.000000,-11.238016
-1.399298,0.360686,2.170124,0.676201,-0.034019,-0.101891,-1.629456,28.000000,-13.906289
-1.169537,1.566661,1.669854,0.910446,0.133469,-1.607372,-1.305009,28.000000,-4.936206
-1.313138,-0.682947,2.201391,-0.260778,-0.034019,0.618680,-0.805861,28.000000,-20.476995
-1.217404,1.160804,2.045057,2.175367,0.133469,-1.645974,-2.016296,28.000000,-11.479333
-1.092950,1.311551,2.201391,0.160862,0.133469,-0.964004,-1.716807,28.000000,-11.927492
-0.930203,0.140363,2.123224,1.472633,-0.034019,-0.642320,-1.879030,28.000000,-12.885864
-1.198257,1.207188,2.076324,1.847424,0.133469,-1.530167,-1.991338,28.000000,-6.404790
-0.423771,0.206460,0.270660,3.060812,-0.034019,-1.544322,-0.975572,28.000000,-7.188034
0.307634,-0.856886,0.919448,-0.143656,0.300957,0.372914,-1.059179,28.000000,0.987083
-1.209745,1.269806,-0.847132,0.549709,0.485193,0.958379,-0.959349,28.000000,-17.530174
-1.294948,1.815974,-0.847132,0.980719,-0.469486,-1.877586,1.225673,28.000000,-3.097373
0.142015,-0.856886,0.820957,1.866164,0.719676,-1.977951,0.060161,28.000000,-4.397725
-1.417487,1.580577,-0.847132,0.662146,-0.519733,-0.302622,0.271051,28.000000,-6.879839
0.307634,0.824522,-0.847132,-0.143656,0.300957,-1.360318,0.629190,28.000000,5.107391
-1.240380,-0.856886,0.902251,0.132753,0.284208,0.245527,0.528113,28.000000,-23.636863
-1.226020,0.824522,0.919448,-0.143656,0.300957,0.372914,-1.059179,28.000000,-10.258271
-1.352389,0.680733,0.767804,0.877651,0.200464,-0.732392,-0.251806,28.000000,0.625797
-1.260484,1.879751,-0.847132,-0.270148,1.071399,-1.622812,1.486478,28.000000,-2.853988
0.178394,-0.856886,1.025756,1.402359,0.619183,-1.218778,-0.573757,28.000000,-11.981961
-1.226020,0.824522,0.919448,-0.143656,0.300957,-1.360318,0.629190,28.000000,-9.584653
-1.273887,-0.856886,1.288398,-1.099374,1.657606,0.371627,0.705311,28.000000,-17.858365
0.434003,-0.856886,1.308721,0.816748,0.769922,-2.210850,0.236111,28.000000,2.812815
-1.229849,0.821044,-0.847132,-0.162395,0.300957,0.344606,0.606729,28.000000,-16.808293
-0.184437,0.424463,0.498908,0.648091,-0.201506,-1.000033,-0.511364,28.000000,-2.099012
-1.175281,-0.856886,2.199828,1.786521,0.803419,-0.967864,-0.757194,28.000000,-27.281433
-1.248996,-0.856886,2.049747,-0.696473,1.573862,1.307084,-1.192701,28.000000,-22.356506
-0.082002,-0.856886,0.553625,0.802693,0.736424,-0.535521,-0.141994,28.000000,-3.572422
-1.265271,0.506794,0.586456,0.062480,0.150218,-0.251153,0.083871,28.000000,-12.293604
-1.322711,1.107463,1.383762,0.427901,0.367952,-0.071010,-1.623216,28.000000,-6.091768
-0.203584,0.309663,0.378531,-0.513762,0.702927,-0.478905,-0.133259,28.000000,13.955437
0.303805,1.004259,-0.847132,-0.185820,0.568937,-0.724671,-0.175686,28.000000,16.628535
0.027134,0.531146,-0.847132,-0.621515,0.166966,-0.032408,0.257325,28.000000,5.117044
0.529737,-0.856886,-0.847132,0.015631,-0.469486,0.165750,0.539344,28.000000,9.050504
-1.305479,-0.856886,1.241497,-0.035903,0.820168,0.084685,0.473207,28.000000,-22.615749
-1.255697,1.889028,-0.847132,-0.363846,0.954158,1.240174,-1.232633,28.000000,1.613816
-1.316010,1.116740,1.225864,0.470065,0.384700,-2.043575,0.395839,28.000000,-5.946978
0.472296,1.109782,-0.847132,0.624667,0.317705,-2.083464,0.358402,28.000000,20.801244
-1.209745,-0.856886,1.385325,0.549709,0.485193,0.958379,-0.959349,28.000000,-23.358315
-1.209745,1.269806,-0.847132,0.549709,0.485193,-1.231645,1.174510,28.000000,-12.030914
-1.402170,-0.856886,1.743331,-0.064012,0.635932,-0.153361,0.390847,28.000000,-22.524049
-0.143272,0.445336,0.520795,-0.171765,0.702927,-0.813456,-0.362867,28.000000,3.603644
0.314336,0.828001,0.922575,-0.124916,0.300957,-1.335870,-1.040461,28.000000,10.416356
0.301890,0.821044,-0.847132,-2.542322,0.300957,0.344606,0.606729,28.000000,8.705766
-1.296863,1.144570,-0.847132,0.015631,-0.469486,0.165750,0.539344,28.000000,-12.073661
-1.315052,0.723638,0.813141,-0.162395,0.217213,-0.404274,0.008999,28.000000,-9.670148
-1.273887,-0.856886,1.999720,-0.007794,1.473370,-1.724464,1.381657,28.000000,-20.291526
-0.039879,0.497517,0.575512,0.423217,0.133469,-0.339937,-1.347437,28.000000,7.760495
0.162119,-0.856886,0.833464,-0.841705,1.104897,-0.253726,0.130042,28.000000,0.048016
0.307634,0.824522,-0.847132,-0.143656,0.300957,0.372914,-1.059179,28.000000,5.235634
-1.205916,1.275604,1.391578,0.573133,0.501942,-1.200763,-0.936888,28.000000,-6.826749
0.075001,0.693489,-0.847132,0.624667,-0.117762,-0.628166,-0.168199,28.000000,10.429456
-1.276759,1.173560,-0.847132,-0.485653,-0.670472,0.348466,0.685345,28.000000,-8.895177
-1.299735,-0.856886,1.949693,0.943240,0.267459,-1.916188,1.186989,28.000000,-25.281953
0.301890,-0.856886,-0.847132,-0.162395,0.300957,0.344606,0.606729,28.000000,-10.714015
-1.385895,1.017015,1.119556,-0.466913,0.702927,-0.647467,-0.114541,28.000000,-6.744701
-1.209745,-0.856886,1.385325,0.549709,0.485193,-1.231645,1.174510,28.000000,-26.079677
-0.247621,0.288791,0.356644,0.329519,0.049725,-0.693790,-0.302969,28.000000,-2.019033
-0.080087,0.361845,0.431684,1.318031,0.468444,-0.886800,-1.171487,28.000000,1.353194
-1.140817,1.347499,1.468182,-0.129601,2.109823,-1.734758,-0.401551,28.000000,-2.055575
-1.221233,0.815246,0.908505,1.805260,0.652680,-0.639747,-1.443523,28.000000,-19.313849
-1.289204,0.472006,0.548935,0.952610,0.434947,-1.452963,0.697823,28.000000,-15.829927
-1.238465,1.208347,1.321228,-0.658994,2.026079,-0.372106,-0.985554,28.000000,0.532028
0.275085,0.799011,0.891308,-0.644939,2.662532,-0.759413,-1.527130,28.000000,2.397750
-1.316967,-0.856886,1.887159,-1.085319,1.959084,-0.388833,0.885004,28.000000,-20.394258
0.214773,0.765383,-0.847132,1.496057,-0.000521,-0.996172,-0.637398,28.000000,-2.398245
0.891610,-0.856886,-0.847132,0.404477,0.083223,0.518315,-0.538817,28.000000,3.238222
-1.173366,0.869747,0.966348,-0.302942,1.473370,-0.252439,-0.672339,28.000000,-8.136753
-1.230807,1.911060,-0.847132,0.863597,0.016228,0.371627,-1.119077,28.000000,-8.957919
0.276042,0.799011,-0.847132,-0.640255,0.635932,-0.754266,0.379616,28.000000,9.486943
0.226261,-0.856886,0.709960,0.676201,0.602434,-0.173948,-0.853280,28.000000,-5.694629
-1.247081,-0.856886,2.027860,-0.701158,0.903912,0.235233,-0.017207,28.000000,-20.248089
-1.333242,1.074994,1.180527,-0.377900,0.786671,-1.162161,0.146264,28.000000,8.794019
0.159247,0.734074,0.824084,0.924500,-0.034019,-1.216204,-1.475968,28.000000,17.706876
0.384221,1.047164,-0.847132,0.418532,-0.268501,-1.324290,0.005255,28.000000,21.400398
0.812151,1.311551,-0.847132,0.456011,0.066474,-1.912328,-0.208131,28.000000,30.091243
-0.013074,0.637828,0.722467,-0.429434,0.552188,-1.902034,0.390847,28.000000,17.009126
-0.278256,0.269078,0.334757,0.573133,0.351203,-1.768213,0.596746,28.000000,-2.418239
-1.115926,-0.856886,1.504139,0.001576,0.920661,0.648275,-0.557535,28.000000,-17.783902
-1.202087,1.966721,-0.847132,-0.059328,0.753173,0.631548,-0.946870,28.000000,1.545558
-1.158049,1.323147,1.441605,1.013513,0.853666,-1.855711,-0.797126,28.000000,-0.503565
0.162119,-0.856886,0.825647,0.226451,-0.017270,-1.208484,0.519378,28.000000,6.826255
0.351672,-0.856886,1.130500,1.318031,-0.084265,-1.446530,-0.461449,28.000000,4.244167
0.058727,0.540422,0.620849,0.282670,0.501942,-0.881653,-0.969332,28.000000,7.980438
0.425387,1.072675,-0.847132,-0.354476,0.451695,-1.175029,0.204914,28.000000,25.417975
0.715460,-0.856886,1.366565,0.549709,0.803419,-2.206990,0.060161,28.000000,5.050854
-1.428018,1.537672,1.668291,-0.124916,-0.117762,-1.364179,-0.473927,28.000000,-2.511319
0.395709,0.866268,-0.847132,0.198342,0.384700,-0.282034,-0.799622,28.000000,16.608540
-1.119756,-0.856886,2.281122,-0.017164,1.071399,-1.590644,0.903722,28.000000,-20.726585
0.312421,-0.856886,0.913195,-0.546557,0.652680,-0.612725,0.116315,28.000000,2.643204
0.385179,-0.856886,1.152387,0.043740,0.887163,-1.323003,0.076384,28.000000,1.447652
-1.354303,1.043685,1.149260,2.582953,-0.067516,-1.342304,-1.472224,28.000000,-0.592507
0.069257,0.546220,-0.847132,-0.195190,0.133469,-0.836617,0.697823,28.000000,6.322248
0.163076,-0.856886,0.825647,1.318031,0.820168,-1.200763,-0.366611,28.000000,-3.942671
-0.159546,0.430261,0.505162,0.652776,-0.050767,-1.805529,0.209906,28.000000,5.724472
-1.161878,2.042094,-0.847132,-0.616830,1.004404,0.982827,-1.065418,28.000000,3.638118
-1.102523,2.154575,-0.847132,0.076534,1.088148,-1.468404,0.664131,28.000000,2.099207
-0.045623,0.488241,0.564569,-0.092122,0.451695,-1.323003,-0.065874,28.000000,8.466518
0.392837,-0.856886,0.960095,0.676201,0.702927,-1.994679,0.496916,28.000000,-4.639042
-1.270057,0.759585,0.850661,0.521599,-0.017270,-1.036061,0.080127,28.000000,-12.121235
-1.168580,1.308072,-0.847132,-0.279518,0.853666,0.214646,0.191188,28.000000,-3.049799
-0.194010,0.308504,0.376967,0.891706,0.401449,-1.395060,-0.150729,28.000000,-3.416601
