y_0,y_1,u_0,u_1,y
-0.169582336786184,-0.17437236843282,0.446552320265226,0.45672305055561,0.00610360875867855
-0.166764671111693,-0.169582336786184,0.430852167344965,0.446552320265226,-0.00732433051041426
-0.170145869921083,-0.166764671111693,0.409731189497215,0.430852167344965,-0.0140383001449607
-0.176626500972413,-0.170145869921083,0.383578451654845,0.409731189497215,0.0308232242313267
-0.162397289316231,-0.176626500972413,0.353120249882607,0.383578451654845,-0.0146486610208285
-0.169159686935011,-0.162397289316231,0.319444436918844,0.353120249882607,-0.00823987182421604
-0.172963535595574,-0.169159686935011,0.283986414138258,0.319444436918844,-0.00396734569314106
-0.174795018283993,-0.172963535595574,0.248475153456443,0.283986414138258,0.0137331197070267
-0.168455270516388,-0.174795018283993,0.214842024778539,0.248475153456443,-0.0103761348897535
-0.173245302163023,-0.168455270516388,0.185099275271749,0.214842024778539,-0.0149538414587624
-0.180148583065527,-0.173245302163023,0.161198307731628,0.185099275271749,0.00427252613107498
-0.178176217093383,-0.180148583065527,0.144880118560984,0.161198307731628,0.0366216525520713
-0.161270223046435,-0.178176217093383,0.137531200696219,0.144880118560984,-0.0259403372243838
-0.173245302163023,-0.161270223046435,0.14005785853472,0.137531200696219,0.0283817807278552
-0.160143156776638,-0.173245302163023,0.152790322759286,0.14005785853472,0.0186160067139696
-0.151549276469439,-0.160143156776638,0.175425507953111,0.152790322759286,0.0244144350347142
-0.140278613771474,-0.151549276469439,0.20701401840023,0.175425507953111,-0.0173952849622339
-0.148308960943774,-0.140278613771474,0.245993409647177,0.20701401840023,0.0411993591210802
-0.129289717640958,-0.148308960943774,0.290266087285831,0.245993409647177,0.00305180437933927
-0.127880884803712,-0.129289717640958,0.337316868255479,0.290266087285831,0.0280766002899213
-0.114919622701052,-0.127880884803712,0.38436238353594,0.337316868255479,0.00457770656900891
-0.112806373445183,-0.114919622701052,0.42852233186935,0.38436238353594,0.0198367284657053
-0.103648960003086,-0.112806373445183,0.467001194363198,0.42852233186935,0.050049591821165
-0.0805441014722567,-0.103648960003086,0.497268413182846,0.467001194363198,0.0219729915312428
-0.0704005050440878,-0.0805441014722567,0.517225192590727,0.497268413182846,0.0305180437933927
-0.0563121766716309,-0.0704005050440878,0.525346927553076,0.517225192590727,0.025024795910582
-0.0447597474062163,-0.0563121766716309,0.520791712585131,0.525346927553076,-0.00183108262760356
-0.0456050471085638,-0.0447597474062163,0.503467331909718,0.520791712585131,0.046387426565957
-0.0241907879824294,-0.0456050471085638,0.474051482083285,0.503467331909718,0.0769054703593497
0.0113117995161618,-0.0241907879824294,0.433962633351317,0.474051482083285,0.0250247959105829
0.0228642287815768,0.0113117995161618,0.385281799046491,0.433962633351317,0.0457770656900891
0.0439967213402621,0.0228642287815768,0.330628449003334,0.385281799046491,0.0137331197070267
0.0503364691078676,0.0439967213402621,0.272996753634102,0.330628449003334,0.0497444113832302
0.0733004443549723,0.0503364691078676,0.215561138798858,0.272996753634102,0.050354772259098
0.096546186169526,0.0733004443549723,0.161462603165451,0.215561138798858,0.0164797436484321
0.104153883490653,0.096546186169526,0.113589215508387,0.161462603165451,0.0234988937209124
0.115001896337444,0.104153883490653,0.0743654779606082,0.113589215508387,0.012512397955291
0.120778110970152,0.115001896337444,0.0455656321498825,0.0743654779606082,0.0766002899214167
0.156139815185019,0.120778110970152,0.0281653522288581,0.0455656321498825,-0.0234988937209124
0.145291802338227,0.156139815185019,0.0222445253961676,0.0281653522288581,0.0540169375143051
0.170228143557476,0.145291802338227,0.0269509629406803,0.0222445253961676,0.00244144350347142
0.171355209827272,0.170228143557476,0.0405310100376965,0.0269509629406803,-0.012512397955291
0.165578995194565,0.171355209827272,0.0604283361032718,0.0405310100376965,0.0564583810177766
0.19164240268361,0.165578995194565,0.0834469997616081,0.0604283361032718,0.00213626306553749
0.192628585669682,0.19164240268361,0.105969590935815,0.0834469997616081,-0.00244144350347142
0.191501519399885,0.192628585669682,0.124216311675516,0.105969590935815,0.0341802090485999
0.207280447177037,0.191501519399885,0.134526737477367,0.124216311675516,-0.0231937132829785
0.19657331761397,0.207280447177037,0.133643140727102,0.134526737477367,0.0149538414587624
0.203476598516474,0.19657331761397,0.11897301528506,0.133643140727102,0.025329976348516
0.215169911065613,0.203476598516474,0.0888090480728971,0.11897301528506,0.00488288700694284
0.217424043605206,0.215169911065613,0.0424873108149129,0.0888090480728971,-0.00488288700694284
0.215169911065613,0.217424043605206,-0.0195312172482294,0.0424873108149129,0.0271610589761195
0.2277085233171,0.215169911065613,-0.0956648299645466,-0.0195312172482294,0.00366216525520713
0.229399122721794,0.2277085233171,-0.183303098779796,-0.0956648299645466,-0.0112916762035553
0.224186441223985,0.229399122721794,-0.278981436177316,-0.183303098779796,-0.0146486610208285
0.217424043605206,0.224186441223985,-0.378625758560182,-0.278981436177316,0.00488288700694284
0.219678176144799,0.217424043605206,-0.477848460956015,-0.378625758560182,-0.0155642023346303
0.212493128674846,0.219678176144799,-0.572272074100237,-0.477848460956015,0.016784924086366
0.220241709279697,0.212493128674846,-0.657854118456706,-0.572272074100237,0.0158693827725642
0.227567640033375,0.220241709279697,-0.731186123777159,-0.657854118456706,-0.00854505226214997
0.223622908089087,0.227567640033375,-0.789741657255611,-0.731186123777159,-0.0131227588311589
0.217564926888931,0.223622908089087,-0.832052377249761,-0.789741657255611,0.029297322041657
0.231089722126489,0.217564926888931,-0.857797256664252,-0.832052377249761,-0.0366216525520713
0.214183728079541,0.231089722126489,-0.867797658320564,-0.857797256664252,0.00732433051041426
0.217564926888931,0.214183728079541,-0.86391920629563,-0.867797658320564,-0.0430304417486838
0.197700383883766,0.217564926888931,-0.848889615166596,-0.86391920629563,0.00885023270008389
0.201785999111779,0.197700383883766,-0.826049042043729,-0.848889615166596,-0.0823987182421604
0.163747512506145,0.201785999111779,-0.799055415334161,-0.826049042043729,-0.0738536659800113
0.1296537578448,0.163747512506145,-0.771571012875883,-0.799055415334161,-0.0604257267109176
0.101758867667335,0.1296537578448,-0.74695795227607,-0.771571012875883,-0.117799649042496
0.0473779201496517,0.101758867667335,-0.728009094240706,-0.74695795227607,-0.079346913862822
0.0107482663812636,0.0473779201496517,-0.71673726842449,-0.728009094240706,-0.0863660639353014
-0.0291217029127893,0.0107482663812636,-0.714240068066733,-0.71673726842449,-0.0802624551766229
-0.0661740065323507,-0.0291217029127893,-0.720650279572974,-0.714240068066733,-0.122377355611506
-0.122668203305903,-0.0661740065323507,-0.735174013353941,-0.720650279572974,-0.0433356221866177
-0.142673629594792,-0.122668203305903,-0.756210551731422,-0.735174013353941,-0.0915541313801782
-0.184938614712162,-0.142673629594792,-0.781540593034086,-0.756210551731422,-0.0610360875867864
-0.213115271457076,-0.184938614712162,-0.808563632623615,-0.781540593034086,-0.100099183642328
-0.259324988518735,-0.213115271457076,-0.834561219579489,-0.808563632623615,-0.0851453421835657
-0.298631424677889,-0.259324988518735,-0.856961102919152,-0.834561219579489,-0.0735484855420774
-0.332584296055511,-0.298631424677889,-0.87357794673279,-0.856961102919152,-0.0372320134279391
-0.349772056669908,-0.332584296055511,-0.882809228052142,-0.87357794673279,-0.0595101853971158
-0.377244296996199,-0.349772056669908,-0.883769795234463,-0.882809228052142,-0.0802624551766229
-0.41429660061576,-0.377244296996199,-0.876354838841316,-0.883769795234463,-0.0576791027695123
-0.440923541239704,-0.41429660061576,-0.861228067656528,-0.876354838841316,-0.0866712443732363
-0.480934393817481,-0.440923541239704,-0.839738988045708,-0.861228067656528,-0.0704966811627372
-0.513478432357857,-0.480934393817481,-0.813779666943882,-0.839738988045708,-0.0341802090485999
-0.529257360135008,-0.513478432357857,-0.785596610259292,-0.813779666943882,-0.0720225833524077
-0.562505815094007,-0.529257360135008,-0.757576941832783,-0.785596610259292,-0.0521858548867016
-0.586596856610908,-0.562505815094007,-0.732029638100766,-0.757576941832783,-0.0585946440833141
-0.613646447086025,-0.586596856610908,-0.710982080859512,-0.732029638100766,-0.0122072175173571
-0.619281778435008,-0.613646447086025,-0.696009763426629,-0.710982080859512,-0.0454718852521552
-0.640273387709968,-0.619281778435008,-0.688112941248522,-0.696009763426629,-0.0610360875867855
-0.668450044454882,-0.640273387709968,-0.687648824939507,-0.688112941248522,-0.0408941786831472
-0.687328404473975,-0.668450044454882,-0.694322139237615,-0.687648824939507,-0.021057450217441
-0.69704935105097,-0.687328404473975,-0.707231121012978,-0.694322139237615,-0.0399786373693445
-0.715505061218888,-0.69704935105097,-0.724960883866899,-0.707231121012978,-0.0393682764934766
-0.733679004819358,-0.715505061218888,-0.745712032586896,-0.724960883866899,-0.0604257267109181
-0.761573894996822,-0.733679004819358,-0.7674498314233,-0.745712032586896,-0.025329976348516
-0.773267207545961,-0.761573894996822,-0.788058312627128,-0.7674498314233,-0.0534065766384373
-0.797921782197761,-0.773267207545961,-0.80548447017186,-0.788058312627128,-0.0238040741588463
-0.808910678328277,-0.797921782197761,-0.817859953540409,-0.80548447017186,-0.0241092545967807
-0.820040457742518,-0.808910678328277,-0.823591137190721,-0.817859953540409,-0.0338750286106659
-0.835678502235945,-0.820040457742518,-0.821412654697709,-0.823591137190721,-0.0537117570763712
-0.860473960171469,-0.835678502235945,-0.810403947668305,-0.821412654697709,-0.0344853894865342
-0.876393771232346,-0.860473960171469,-0.789972573539775,-0.810403947668305,-0.0592050049591819
-0.903725128274912,-0.876393771232346,-0.759811475802837,-0.789972573539775,-0.00488288700694284
-0.905979260814505,-0.903725128274912,-0.719839776092071,-0.759811475802837,-0.0604257267109181
-0.93387415099197,-0.905979260814505,-0.670137669370011,-0.719839776092071,-0.00366216525520713
-0.935564750396665,-0.93387415099197,-0.610885622963252,-0.670137669370011,-0.0582894636453801
-0.962473457588057,-0.935564750396665,-0.542316397539381,-0.610885622963252,-0.012512397955291
-0.968249672220765,-0.962473457588057,-0.464685678189418,-0.542316397539381,-0.0183108262760356
-0.976702669244239,-0.968249672220765,-0.378263705514154,-0.464685678189418,-0.0363164721141378
-0.993467780007462,-0.976702669244239,-0.283346687637351,-0.378263705514154,-0.0408941786831463
-1.01234614002655,-0.993467780007462,-0.180283436116248,-0.283346687637351,-0.00793469138628211
-1.01600910540339,-1.01234614002655,-0.0695100496806371,-0.180283436116248,-0.0244144350347142
-1.02727976810136,-1.01600910540339,0.0484160710608035,-0.0695100496806371,-0.000610360875867855
-1.02756153466881,-1.02727976810136,0.17279183174675,0.0484160710608035,-0.0131227588311589
-1.03361951586896,-1.02756153466881,0.302761500437021,0.17279183174675,0.0180056458381017
-1.02530740212922,-1.03361951586896,0.437332656605427,0.302761500437021,0.0170901045242999
-1.01741793824064,-1.02530740212922,0.575417125158944,0.437332656605427,-0.0262455176623178
-1.02953390064095,-1.01741793824064,0.715895079360235,0.575417125158944,0.0262455176623178
-1.01741793824064,-1.02953390064095,0.857696538543872,0.715895079360235,0.0140383001449607
-1.01093730718931,-1.01741793824064,0.999891015366601,0.857696538543872,-0.0106813153276875
-1.01586822211967,-1.01093730718931,1.14177358454034,0.999891015366601,0.0115968566414892
-1.01051465733814,-1.01586822211967,1.28293455325734,1.14177358454034,0.0381475547417409
-0.992904246872564,-1.01051465733814,1.4233004619569,1.28293455325734,-0.00122072175173571
-0.993467780007462,-0.992904246872564,1.56313638952471,1.4233004619569,0.0241092545967807
-0.982338000593221,-0.993467780007462,1.70300332656122,1.56313638952471,0.0399786373693445
-0.963882290425303,-0.982338000593221,1.84366935836213,1.70300332656122,-0.000610360875867855
-0.964164056992752,-0.963882290425303,1.98597903904696,1.84366935836213,0.0512703135728998
-0.940495665327025,-0.964164056992752,2.13069099605241,1.98597903904696,0.00366216525520713
-0.93880506592233,-0.940495665327025,2.27829878987287,2.13069099605241,0.0399786373693449
-0.920349355754411,-0.93880506592233,2.42885371127683,2.27829878987287,0.0894178683146407
-0.879070553623113,-0.920349355754411,2.58180998550156,2.42885371127683,0.0756847486076144
-0.84413149925942,-0.879070553623113,2.73591241422144,2.58180998550156,0.050354772259098
-0.820885757444866,-0.84413149925942,2.88914370464114,2.73591241422144,0.127260242618448
-0.762137428131721,-0.820885757444866,3.03874376125159,2.88914370464114,0.130617227435721
-0.701839382697605,-0.762137428131721,3.18130646511588,3.03874376125159,0.317082475013352
-0.555461650907778,-0.701839382697605,3.31295158541825,3.18130646511588,0.583199816891737
-0.286233695710127,-0.555461650907778,3.42956127544609,3.31295158541825,0.594186312657358
-0.0119339422983919,-0.286233695710127,3.52706300147364,3.42956127544609,0.699473563744564
0.31097054399832,-0.0119339422983919,3.60173462405589,3.52706300147364,0.650339513237202
0.611192821615376,0.31097054399832,3.65050346452214,3.60173462405589,0.460517280842297
0.82378569675575,0.611192821615376,3.67121009974456,3.65050346452214,0.349431601434349
0.985097056620381,0.82378569675575,3.66280960329996,3.67121009974456,0.634470130464638
1.27799340348376,0.985097056620381,3.62548792714493,3.66280960329996,0.607919432364385
1.5586329046631,1.27799340348376,3.56067869132242,3.62548792714493,0.706492713817044
1.88477770648548,1.5586329046631,3.47097510742225,3.56067869132242,0.334477759975586
2.0391857854476,1.88477770648548,3.35994215074147,3.47097510742225,0
2.0391857854476,2.0391857854476,3.23184431994656,3.35994215074147,0
2.0391857854476,2.0391857854476,3.09131326170579,3.23184431994656,0
2.0391857854476,2.0391857854476,2.94298617460776,3.09131326170579,0
2.0391857854476,2.0391857854476,2.79114944786334,2.94298617460776,0
2.0391857854476,2.0391857854476,2.63942196301612,2.79114944786334,0
2.0391857854476,2.0391857854476,2.49050880406668,2.63942196301612,0
2.0391857854476,2.0391857854476,2.34604910382142,2.49050880406668,0
2.0391857854476,2.0391857854476,2.20657210611671,2.34604910382142,0
2.0391857854476,2.0391857854476,2.07156426270112,2.20657210611671,0
2.0391857854476,2.0391857854476,1.93963853300034,2.07156426270112,0
2.0391857854476,2.0391857854476,1.80878630724208,1.93963853300034,0
2.0391857854476,2.0391857854476,1.67668374272967,1.80878630724208,0
2.0391857854476,2.0391857854476,1.54101878273336,1.67668374272967,0
2.0391857854476,2.0391857854476,1.39980336929876,1.54101878273336,0
2.0391857854476,2.0391857854476,1.25163759201865,1.39980336929876,0
2.0391857854476,2.0391857854476,1.09589850084188,1.25163759201865,0
2.0391857854476,2.0391857854476,0.932835376604245,1.09589850084188,0
2.0391857854476,2.0391857854476,0.763564351778377,0.932835376604245,0
2.0391857854476,2.0391857854476,0.589967106211303,0.763564351778377,0
2.0391857854476,2.0391857854476,0.414509525702409,0.589967106211303,0
2.0391857854476,2.0391857854476,0.240005365947355,0.414509525702409,0
2.0391857854476,2.0391857854476,0.0693559974039988,0.240005365947355,0
2.0391857854476,2.0391857854476,-0.0947005302083315,0.0693559974039988,0
2.0391857854476,2.0391857854476,-0.249799857065069,-0.0947005302083315,0
2.0391857854476,2.0391857854476,-0.394095794938425,-0.249799857065069,0
2.0391857854476,2.0391857854476,-0.526322748140132,-0.394095794938425,-0.00457770656900891
2.03707253619174,2.0391857854476,-0.645771146596218,-0.526322748140132,-0.054627298390173
2.01185442840504,2.03707253619174,-0.752182902341506,-0.645771146596218,-0.0341802090485999
1.99607550062789,2.01185442840504,-0.845585010872731,-0.752182902341506,-0.0564583810177766
1.97001209313884,1.99607550062789,-0.926088252622912,-0.845585010872731,-0.104676890211339
1.92168912682131,1.97001209313884,-0.99368331424693,-0.926088252622912,-0.0411993591210802
1.9026698835185,1.92168912682131,-1.04806776243821,-0.99368331424693,-0.0927748531319139
1.85984136526623,1.9026698835185,-1.08853390311757,-1.04806776243821,-0.0857557030594336
1.82025316253962,1.85984136526623,-1.1139399529178,-1.08853390311757,-0.104982070649271
1.77178931293837,1.82025316253962,-1.12277599177611,-1.1139399529178,-0.105287251087205
1.7231845800534,1.77178931293837,-1.11332316578646,-1.12277599177611,-0.0967421988250567
1.67852457911271,1.7231845800534,-1.0838911857921,-1.11332316578646,-0.156862745098039
1.60611057127828,1.67852457911271,-1.03310705096379,-1.0838911857921,-0.0997940032043942
1.56004173750035,1.60611057127828,-0.960218749635094,-1.03310705096379,-0.165102616922255
1.48382388100536,1.56004173750035,-0.865372775791431,-0.960218749635094,-0.128175783932251
1.42465290184104,1.48382388100536,-0.749824487445057,-0.865372775791431,-0.0759899290455479
1.38957296419362,1.42465290184104,-0.616045852830698,-0.749824487445057,-0.158388647287708
1.31645453994057,1.38957296419362,-0.467705551452106,-0.616045852830698,-0.119935912108033
1.26108740943681,1.31645453994057,-0.309510656059349,-0.467705551452106,-0.143129625391014
1.19501314936999,1.26108740943681,-0.146915629063976,-0.309510656059349,-0.115663385976958
1.14161838483838,1.19501314936999,0.0142788174710988,-0.146915629063976,-0.100099183642328
1.09540866777672,1.14161838483838,0.168399391013427,0.0142788174710988,-0.1025406271458
1.04807188444526,1.09540866777672,0.310397451606176,0.168399391013427,-0.121156633859769
0.99214122080661,1.04807188444526,0.436314762103543,0.310397451606176,-0.0579842832074462
0.965373396898942,0.99214122080661,0.543662907970702,0.436314762103543,-0.0820935378042273
0.927475793577033,0.965373396898942,0.631668304494617,0.543662907970702,-0.112306401159685
0.875630745166391,0.927475793577033,0.701347546517263,0.631668304494617,-0.0582894636453801
0.848722037974999,0.875630745166391,0.75539551887818,0.701347546517263,-0.0564583810177774
0.822658630485953,0.848722037974999,0.797889298332006,0.75539551887818,-0.0405889982452123
0.803921153750586,0.822658630485953,0.833832134299552,0.797889298332006,-0.00915541313801782
0.799694655238849,0.803921153750586,0.868581221360259,0.833832134299552,-0.050354772259098
0.776448913424295,0.799694655238849,0.907218215000568,0.868581221360259,-0.0512703135728998
0.752780521758567,0.776448913424295,0.953930541178347,0.907218215000568,0.0201419089036392
0.762078818484389,0.752780521758567,1.01147320576644,0.953930541178347,-0.0372320134279391
0.744891057869992,0.762078818484389,1.08077454266847,1.01147320576644,-0.0265506981002517
0.732634212185954,0.744891057869992,1.16073557870741,1.08077454266847,0.0183108262760356
0.741087209209428,0.732634212185954,1.24825275610783,1.16073557870741,0.000915541313801782
0.741509859060602,0.741087209209428,1.33846971737827,1.24825275610783,-0.00610360875867855
0.738692193386111,0.741509859060602,1.42523834177029,1.33846971737827,-0.0442511635004195
0.718264117246048,0.738692193386111,1.50174509811574,1.42523834177029,0.0405889982452123
0.737001593981416,0.718264117246048,1.56123884144615,1.50174509811574,0.00640878919661247
0.739960142939632,0.737001593981416,1.5977828242735,1.56123884144615,0.000915541313801782
0.740382792790805,0.739960142939632,1.6069486218502,1.5977828242735,0.00640878919661247
0.743341341749021,0.740382792790805,1.58637368387493,1.6069486218502,0.0256351567864499
0.755175537581885,0.743341341749021,1.53611710415193,1.58637368387493,-0.00488288700694284
0.752921405042292,0.755175537581885,1.45876870891099,1.53611710415193,0.0393682764934766
0.771095348642761,0.752921405042292,1.35929257098139,1.45876870891099,0.0387579156176088
0.788987525675782,0.771095348642761,1.2446147570292,1.35929257098139,0.00610360875867855
0.791805191350273,0.788987525675782,1.12299334234235,1.2446147570292,0.101319905394065
0.83857844154683,0.791805191350273,1.00323330938698,1.12299334234235,0.108644235904478
0.888732890552776,0.83857844154683,0.893827066215492,1.00323330938698,0.08392462043183
0.927475793577033,0.888732890552776,0.802110846662658,0.893827066215492,0.0820935378042273
0.965373396898942,0.927475793577033,0.733526992163497,0.802110846662658,0.0415045395590141
0.984533523485483,0.965373396898942,0.691071958624721,0.733526992163497,0.144960708018615
1.05145308325465,0.984533523485483,0.674990848582859,0.691071958624721,0.0564583810177774
1.0775164907437,1.05145308325465,0.682753358584898,0.674990848582859,0.042114900434882
1.09695838389769,1.0775164907437,0.709316067032018,0.682753358584898,0.0994888227664603
1.1428863343919,1.09695838389769,0.74764526174126,0.709316067032018,0.0512703135728998
1.16655472605763,1.1428863343919,0.789446422075387,0.74764526174126,0.105592431525139
1.21530034222633,1.16655472605763,0.826024154080027,0.789446422075387,0.0869764248111711
1.25545207808783,1.21530034222633,0.849182321468416,0.826024154080027,0.0976577401388568
1.30053472887969,1.25545207808783,0.852069893314136,0.849182321468416,0.141603723201342
1.36590457252789,1.30053472887969,0.829884111693338,0.852069893314136,0.0747692072938122
1.40042097704041,1.36590457252789,0.780358281913406,0.829884111693338,0.0750743877317461
1.43507826483665,1.40042097704041,0.703985035976727,0.780358281913406,0.0894178683146425
1.47635706696795,1.43507826483665,0.603954668698356,0.703985035976727,0.00274662394140535
1.47762501652147,1.47635706696795,0.485818871129531,0.603954668698356,0.0375371938658731
1.4949536604196,1.47762501652147,0.356919456272607,0.485818871129531,0.0317387655451284
1.50960552192695,1.4949536604196,0.225646241854052,0.356919456272607,-0.0280766002899213
1.49664425982429,1.50960552192695,0.100605434632106,0.225646241854052,0.0283817807278552
1.50974640521068,1.49664425982429,-0.010212178127861,0.100605434632106,0.0158693827725642
1.51707233596435,1.50974640521068,-0.10017594531763,-0.010212178127861,0.0274662394140535
1.52975183149956,1.51707233596435,-0.164597314406184,-0.10017594531763,0.0112916762035553
1.53496451299737,1.52975183149956,-0.201093130014145,-0.164597314406184,-0.0244144350347142
1.52369385029941,1.53496451299737,-0.209699861890032,-0.201093130014145,-0.00946059357595175
1.51932646850395,1.52369385029941,-0.192736603918525,-0.209699861890032,0.0338750286106659
1.53496451299737,1.51932646850395,-0.154442407031731,-0.192736603918525,-0.0411993591210802
1.51594526969456,1.53496451299737,-0.100437546377989,-0.154442407031731,0.0363164721141374
1.53271038045778,1.51594526969456,-0.0370760031529884,-0.100437546377989,-0.0439459830624855
1.51242318760144,1.53271038045778,0.0292341203440682,-0.0370760031529884,-0.00915541313801782
1.50819668908971,1.51242318760144,0.0926652230084302,0.0292341203440682,-0.0143434805828946
1.50157517475465,1.50819668908971,0.148491448715964,0.0926652230084302,-0.0665293354695962
1.47086261890269,1.50157517475465,0.193444423466974,0.148491448715964,0.0241092545967803
1.48199239831694,1.47086261890269,0.225873187200397,0.193444423466974,-0.0341802090485999
1.46621347053978,1.48199239831694,0.245702646409321,0.225873187200397,-0.0582894636453819
1.43930476334839,1.46621347053978,0.254209272200991,0.245702646409321,-0.0170901045242999
1.43141529945981,1.43930476334839,0.253654010913062,0.254209272200991,-0.0219729915312428
1.42127170303165,1.43141529945981,0.246827974576063,0.253654010913062,-0.0653086137178605
1.39112268031459,1.42127170303165,0.236574687146237,0.246827974576063,-0.000915541313801782
1.39070003046341,1.39112268031459,0.22535266776065,0.236574687146237,-0.0537117570763712
1.36590457252789,1.39070003046341,0.214894144085921,0.22535266776065,-0.046387426565957
1.34449031340176,1.36590457252789,0.20600089703846,0.214894144085921,0.012512397955291
1.35026652803446,1.34449031340176,0.198498651990701,0.20600089703846,-0.0515754940108337
1.32645725308501,1.35026652803446,0.19134962034108,0.198498651990701,-0.0170901045242999
1.31856778919644,1.32645725308501,0.182901563164975,0.19134962034108,-0.0601205462729837
1.2908137823027,1.31856778919644,0.171233783940729,0.182901563164975,0.00732433051041426
1.29419498111209,1.2908137823027,0.154547999863028,0.171233783940729,-0.075684748607614
1.25925592674839,1.29419498111209,0.131546608190307,0.154547999863028,0.0186160067139696
1.26784980705559,1.25925592674839,0.101743067947579,0.131546608190307,-0.0317387655451284
1.25319794554824,1.26784980705559,0.0656585978349162,0.101743067947579,-0.0363164721141374
1.23643283478501,1.25319794554824,0.0248748686311648,0.0656585978349162,-0.0637827115281926
1.20698822848658,1.23643283478501,-0.0180681889864482,0.0248748686311648,-0.0122072175173571
1.20135289713759,1.20698822848658,-0.0599194559939127,-0.0180681889864482,-0.063172350652323
1.17219005740661,1.20135289713759,-0.0970789400694145,-0.0599194559939127,0.00213626306553749
1.17317624039268,1.17219005740661,-0.126029848410822,-0.0970789400694145,-0.0610360875867855
1.14499958364777,1.17317624039268,-0.143784905227244,-0.126029848410822,0
1.14499958364777,1.14499958364777,-0.148288496637439,-0.143784905227244,-0.0656137941557944
1.11470967764698,1.14499958364777,-0.138720842405617,-0.148288496637439,-0.00915541313801782
1.11048317913525,1.11470967764698,-0.115661977425655,-0.138720842405617,-0.0726329442282747
1.0769529576088,1.11048317913525,-0.0810904405859252,-0.115661977425655,0.00579842832074462
1.07962973999957,1.0769529576088,-0.038212077927847,-0.0810904405859252,-0.0387579156176088
1.06173756296655,1.07962973999957,0.00886429931669896,-0.038212077927847,-0.033264667734799
1.04638128504057,1.06173756296655,0.055568185290817,0.00886429931669896,-0.0582894636453801
1.01947257784918,1.04638128504057,0.0973742027260518,0.055568185290817,-0.0308232242313267
1.00524336619299,1.01947257784918,0.130314187861884,0.0973742027260518,-0.0708018616006711
0.972558444368895,1.00524336619299,0.151432731381006,0.130314187861884,-0.0332646677347981
0.957202166442917,0.972558444368895,0.159130493418812,0.151432731381006,-0.00976577401388568
0.952693901363731,0.957202166442917,0.153352662276305,0.159130493418812,-0.00457770656900891
0.950580652107862,0.952693901363731,0.135598332639613,0.153352662276305,-0.0354009308003365
0.934238191195812,0.950580652107862,0.108748097534254,0.135598332639613,-0.0268558785381856
0.92184046222805,0.934238191195812,0.07672914385609,0.108748097534254,-0.0680552376592658
0.890423489957471,0.92184046222805,0.0440569115339069,0.07672914385609,0.0146486610208285
0.89718588757625,0.890423489957471,0.0153074847721064,0.0440569115339069,-0.0454718852521552
0.87619427830129,0.89718588757625,-0.00541653888894178,0.0153074847721064,-0.0598153658350498
0.848581154691274,0.87619427830129,-0.0149629808488769,-0.00541653888894178,-0.000610360875867855
0.848299388123825,0.848581154691274,-0.0114928614416274,-0.0149629808488769,-0.0323491264209963
0.833365760049021,0.848299388123825,0.00531422522171576,-0.0114928614416274,-0.00946059357595175
0.828998378253559,0.833365760049021,0.0342364192165348,0.00531422522171576,-0.0695811398489363
0.796876989564357,0.828998378253559,0.0726699195957319,0.0342364192165348,0.0119020370794232
0.802371437629615,0.796876989564357,0.116953418392619,0.0726699195957319,-0.0146486610208285
0.795609040010836,0.802371437629615,0.162816904233959,0.116953418392619,-0.0683604180971997
0.764051184456533,0.795609040010836,0.205900087139987,0.162816904233959,-0.021057450217441
0.754330237879538,0.764051184456533,0.242277334902981,0.205900087139987,-0.0177004654001678
0.746159007423513,0.754330237879538,0.268925311009903,0.242277334902981,-0.033569848172732
0.73066184621381,0.746159007423513,0.284076543585969,0.268925311009903,-0.00823987182421604
0.726857997553247,0.73066184621381,0.287416071421148,0.284076543585969,0.021057450217441
0.736578944130242,0.726857997553247,0.280097408978155,0.287416071421148,-0.0280766002899213
0.723617682027582,0.736578944130242,0.264576023397217,0.280097408978155,-0.0427252613107507
0.703894022306142,0.723617682027582,0.244280657431713,0.264576023397217,0.0213626306553758
0.713755852166862,0.703894022306142,0.223162481367952,0.244280657431713,-0.0103761348897544
0.708965820520226,0.713755852166862,0.205176842751074,0.223162481367952,-0.0268558785381856
0.696568091552464,0.708965820520226,0.193760530747817,0.205176842751074,-0.0427252613107498
0.676844431831025,0.696568091552464,0.191368018062852,0.193760530747817,0.0244144350347142
0.68811509452899,0.676844431831025,0.199123047015712,0.191368018062852,-0.0225833524071106
0.677689731533372,0.68811509452899,0.21662807134445,0.199123047015712,0.0067139696345464
0.680789163775313,0.677689731533372,0.24195514734506,0.21662807134445,-0.0485236896314944
0.658388721663106,0.680789163775313,0.271820184953515,0.24195514734506,0.0241092545967803
0.669518501077347,0.658388721663106,0.301920639288634,0.271820184953515,-0.0512703135728998
0.64585010941162,0.669518501077347,0.327397365065356,0.301920639288634,0.0277714198519874
0.658670488230556,0.64585010941162,0.343366773489718,0.327397365065356,-0.0393682764934766
0.640496544630086,0.658670488230556,0.34546133525308,0.343366773489718,0.00427252613107498
0.64246891060223,0.640496544630086,0.330315781688149,0.34546133525308,0.0314335851071945
0.656979888825861,0.64246891060223,0.295943088871699,0.330315781688149,-0.00244144350347142
0.655852822556064,0.656979888825861,0.241957614470397,0.295943088871699,-0.0350957503624016
0.639651244927739,0.655852822556064,0.169620944759412,0.241957614470397,-0.0134279392690928
0.633452380443858,0.639651244927739,0.0817068795332281,0.169620944759412,0.00732433051041426
0.636833579253247,0.633452380443858,-0.0177969802806985,0.0817068795332281,0.0216678110933088
0.646836292397692,0.636833579253247,-0.124114878070268,-0.0177969802806985,-0.00244144350347142
0.645709226127895,0.646836292397692,-0.232185444821576,-0.124114878070268,-0.00244144350347142
0.644582159858099,0.645709226127895,-0.337182778986126,-0.232185444821576,-0.0146486610208285
0.637819762239319,0.644582159858099,-0.434996675509015,-0.337182778986126,0.00823987182421604
0.641623610899883,0.637819762239319,-0.522618591157405,-0.434996675509015,-0.0518806744487676
0.617673452666706,0.641623610899883,-0.598392068319686,-0.522618591157405,0.0338750286106659
0.633311497160133,0.617673452666706,-0.66210306859596,-0.598392068319686,-0.0552376592660409
0.607811622805986,0.633311497160133,-0.714904900185311,-0.66210306859596,-0.0033569848172732
0.606261906685016,0.607811622805986,-0.759091807172974,-0.714904900185311,-0.0534065766384382
0.581607332033216,0.606261906685016,-0.79775250115041,-0.759091807172974,-0.037842374303807
0.56413780485137,0.581607332033216,-0.834347944130934,-0.79775250115041,-0.0320439459830624
0.54934506006029,0.56413780485137,-0.872265074957366,-0.834347944130934,-0.0201419089036392
0.540046763334469,0.54934506006029,-0.914399166157411,-0.872265074957366,-0.0625619897764551
0.511165690170932,0.540046763334469,-0.962812156243049,-0.914399166157411,-0.0137331197070267
0.504825942403326,0.511165690170932,-1.01850344791204,-0.962812156243049,-0.0561532005798435
0.478903418198006,0.504825942403326,-1.0813147746678,-1.01850344791204,-0.0656137941557944
0.448613512197223,0.478903418198006,-1.14997375514351,-1.0813147746678,-0.088197146562905
0.407898243200823,0.448613512197223,-1.22226382369179,-1.14997375514351,-0.0692759594110015
0.375917737795346,0.407898243200823,-1.29529343443273,-1.22226382369179,-0.107728694590677
0.326185938640573,0.375917737795346,-1.36582655185488,-1.29529343443273,-0.0817883573662925
0.288429218602389,0.326185938640573,-1.43063069976895,-1.36582655185488,-0.118715190356299
0.233625621233531,0.288429218602389,-1.48679880206784,-1.43063069976895,-0.139772640573739
0.169101077287679,0.233625621233531,-1.53200654226481,-1.48679880206784,-0.0964370183871219
0.124581959630715,0.169101077287679,-1.56467712874793,-1.53200654226481,-0.180971999694819
0.0410381723820461,0.124581959630715,-1.58403874290054,-1.56467712874793,-0.135194934004731
-0.021373122307938,0.0410381723820461,-1.59007475401026,-1.58403874290054,-0.538948653391317
-0.270173001365526,-0.021373122307938,-1.58338105474966,-1.59007475401026,-0.124818799114977
-0.327794264408875,-0.270173001365526,-1.56495676214766,-1.58338105474966,-0.132143129625391
-0.388796726261613,-0.327794264408875,-1.53596254451851,-1.56495676214766,-0.109864957656214
-0.439514708402458,-0.388796726261613,-1.49748400875105,-1.53596254451851,-0.133363851377127
-0.501080703390095,-0.439514708402458,-1.45033559512387,-1.49748400875105,-0.0906385900663764
-0.542923038656291,-0.501080703390095,-1.3949336369146,-1.45033559512387,-0.133363851377127
-0.604489033643928,-0.542923038656291,-1.33125663073244,-1.3949336369146,-0.0558480201419087
-0.630270674565524,-0.604489033643928,-1.25889780034989,-1.33125663073244,-0.0909437705043104
-0.672253893115445,-0.630270674565524,-1.1772014845728,-1.25889780034989,-0.0808728160524916
-0.709587963302456,-0.672253893115445,-1.08546256333827,-1.1772014845728,-0.115968566414893
-0.763123611117793,-0.709587963302456,-0.983158706235738,-1.08546256333827,-0.079652094300755
-0.799894148169905,-0.763123611117793,-0.870179947488706,-0.983158706235738,-0.0790417334248876
-0.836382918654568,-0.799894148169905,-0.74701967617341,-0.870179947488706,-0.063172350652323
-0.865545758385554,-0.836382918654568,-0.614895656452665,-0.74701967617341,-0.0854505226215001
-0.904993077828433,-0.865545758385554,-0.475778589389995,-0.614895656452665,-0.0677500572213323
-0.936269166815288,-0.904993077828433,-0.332317852633798,-0.475778589389995,-0.025329976348516
-0.947962479364427,-0.936269166815288,-0.187667838905875,-0.332317852633798,-0.0411993591210802
-0.966981722667243,-0.947962479364427,-0.0452319665187355,-0.187667838905875,-0.0744640268558787
-1.00135724389604,-0.966981722667243,0.0916468324478203,-0.0452319665187355,-0.0244144350347142
-1.012627906594,-1.00135724389604,0.220012082852751,0.0916468324478203,-0.0305180437933927
-1.02671623496646,-1.012627906594,0.337595472761237,0.220012082852751,0.00122072175173571
-1.02615270183156,-1.02671623496646,0.443055058103069,0.337595472761237,0.00122072175173571
-1.02558916869666,-1.02615270183156,0.536117261722316,0.443055058103069,-0.00427252613107498
-1.02756153466881,-1.02558916869666,0.617600806341243,0.536117261722316,0.0033569848172732
-1.02601181854784,-1.02756153466881,0.689314589538129,0.617600806341243,0.0122072175173571
-1.02037648719885,-1.02601181854784,0.753836725971943,0.689314589538129,0.0201419089036392
-1.01107819047303,-1.02037648719885,0.814196686177241,0.753836725971943,-0.0158693827725642
-1.01840412122671,-1.01107819047303,0.873494834734281,0.814196686177241,0.0411993591210802
-0.999384877923894,-1.01840412122671,0.934502163806352,0.873494834734281,0.0283817807278557
-0.986282732537509,-0.999384877923894,0.999286540164884,0.934502163806352,0.0152590218966964
-0.979238568351281,-0.986282732537509,1.06890983798021,0.999286540164884,0.0238040741588463
-0.968249672220765,-0.979238568351281,1.14323307530631,1.06890983798021,0.0112916762035553
-0.963036990722956,-0.968249672220765,1.22085490797346,1.14323307530631,0.046082246128023
-0.941763614880546,-0.963036990722956,1.29919390386745,1.22085490797346,0.00305180437933927
-0.9403547820433,-0.941763614880546,1.37470865143276,1.29919390386745,0.0250247959105825
-0.928802352777885,-0.9403547820433,1.44323385586689,1.37470865143276,0.021057450217441
-0.91908140620089,-0.928802352777885,1.50039700464301,1.44323385586689,0.0653086137178605
-0.888932383483832,-0.91908140620089,1.54207053315304,1.50039700464301,0.0375371938658735
-0.87160373958571,-0.888932383483832,1.56480982938124,1.54207053315304,0.0683604180971997
-0.840045884031407,-0.87160373958571,1.56622843477324,1.56480982938124,0.0769054703593501
-0.804543296532816,-0.840045884031407,1.54526832888473,1.56622843477324,0.0814831769283586
-0.766927459778356,-0.804543296532816,1.5023344951986,1.54526832888473,0.031433585107195
-0.752416481554725,-0.766927459778356,1.43927777555163,1.5023344951986,0.0622568093385212
-0.723676291674913,-0.752416481554725,1.35922665669273,1.43927777555163,0.063172350652323
-0.694513451943928,-0.723676291674913,1.26628522083283,1.35922665669273,0.0207522697795071
-0.684933388650657,-0.694513451943928,1.16512917561644,1.26628522083283,0.0717174029144738
-0.651825816975383,-0.684933388650657,1.0605430290297,1.16512917561644,0.0686655985351337
-0.620127078137355,-0.651825816975383,0.956947873276206,1.0605430290297,0.0936903944457157
-0.576875910033913,-0.620127078137355,0.857970213670068,0.956947873276206,0.103150988021668
-0.529257360135008,-0.576875910033913,0.766097760705172,0.857970213670068,0.153505760280765
-0.45839306842155,-0.529257360135008,0.682458641439841,0.766097760705172,0.141603723201343
-0.39302322477335,-0.45839306842155,0.606747163926461,0.682458641439841,0.137026016632333
-0.329766630381019,-0.39302322477335,0.537303576931944,0.606747163926461,0.107728694590677
-0.280034831226246,-0.329766630381019,0.471338932282347,0.537303576931944,0.211490043488213
-0.18240271560512,-0.280034831226246,0.405280943475853,0.471338932282347,0.0497444113832302
-0.159438740358015,-0.18240271560512,0.335204250693538,0.405280943475853,0.0595101853971158
-0.131966500031724,-0.159438740358015,0.257300030074558,0.335204250693538,0.142519264515145
-0.0661740065323507,-0.131966500031724,0.168336246305246,0.257300030074558,0.108949416342412
-0.0158786742426799,-0.0661740065323507,0.0660613289638934,0.168336246305246,0.104982070649272
0.032585175358572,-0.0158786742426799,-0.0504896094406293,0.0660613289638934,0.0805676356145568
0.0697783622618581,0.032585175358572,-0.180816472019091,-0.0504896094406293,0.0933852140077818
0.112888647081576,0.0697783622618581,-0.322920917971252,-0.180816472019091,0.0827038986800952
0.151068016970934,0.112888647081576,-0.473420473858221,-0.322920917971252,0.0411993591210802
0.170087260273751,0.151068016970934,-0.627797636769851,-0.473420473858221,0.0564583810177766
0.196150667762796,0.170087260273751,-0.780758463195325,-0.627797636769851,0.050354772259098
0.21939640957735,0.196150667762796,-0.926664869072377,-0.780758463195325,0.0399786373693445
0.237852119745268,0.21939640957735,-1.05999839852672,-0.926664869072377,0.0622568093385221
0.266592309625081,0.237852119745268,-1.17581107323969,-1.05999839852672,0.00579842832074462
0.269269092015848,0.266592309625081,-1.27012117924888,-1.17581107323969,0.0433356221866177
0.289274518304736,0.269269092015848,-1.34021811154298,-1.27012117924888,0.0143434805828946
0.295896032639791,0.289274518304736,-1.38484992602757,-1.34021811154298,-0.0347905699244677
0.27983533829519,0.295896032639791,-1.4042790029957,-1.38484992602757,0.00793469138628211
0.283498303672029,0.27983533829519,-1.40020399593624,-1.4042790029957,0.0231937132829785
0.294205433235096,0.283498303672029,-1.37555877143681,-1.40020399593624,-0.0262455176623178
0.282089470834783,0.294205433235096,-1.33421016774185,-1.37555877143681,-0.0137331197070267
0.275749723067178,0.282089470834783,-1.28058512676325,-1.33421016774185,-0.0399786373693445
0.257294012899259,0.275749723067178,-1.21926337239125,-1.28058512676325,-0.0128175783932249
0.251376914982827,0.257294012899259,-1.15457392263853,-1.21926337239125,-0.103761348897536
0.203476598516474,0.251376914982827,-1.09023227780012,-1.15457392263853,-0.122072175173571
0.147123285026646,0.203476598516474,-1.0290503871596,-1.09023227780012,-0.137331197070268
0.0837258073505903,0.147123285026646,-0.972744008053827,-1.0290503871596,-0.134889753566796
0.0214553959443312,0.0837258073505903,-0.92185259390746,-0.972744008053827,-0.100099183642329
-0.0247543211173277,0.0214553959443312,-0.875776280454041,-0.92185259390746,-0.134584573128862
-0.0868838492398623,-0.0247543211173277,-0.832923834644327,-0.875776280454041,-0.112306401159686
-0.138728897650504,-0.0868838492398623,-0.790955514973878,-0.832923834644327,-0.0698863202868694
-0.17099116962343,-0.138728897650504,-0.747096491762107,-0.790955514973878,-0.0936903944457166
-0.214242337726873,-0.17099116962343,-0.698490457993166,-0.747096491762107,-0.129091325246051
-0.273835966742365,-0.214242337726873,-0.642559787956054,-0.698490457993166,-0.0817883573662925
-0.311592686780549,-0.273835966742365,-0.577338302564898,-0.642559787956054,-0.0759899290455488
-0.346672624427967,-0.311592686780549,-0.501745365501062,-0.577338302564898,-0.0695811398489354
-0.378794013117169,-0.346672624427967,-0.415775416387844,-0.501745365501062,-0.0766002899214158
-0.414155717332036,-0.378794013117169,-0.320584685457493,-0.415775416387844,-0.0308232242313267
-0.428384928988217,-0.414155717332036,-0.21846608913115,-0.320584685457493,-0.0631723506523238
-0.457547768719203,-0.428384928988217,-0.112713405686468,-0.21846608913115,-0.0653086137178605
-0.487696791436261,-0.457547768719203,-0.00738592594049647,-0.112713405686468,-0.0161745632104981
-0.495163605473663,-0.487696791436261,0.093005997854394,-0.00738592594049647,-0.0720225833524069
-0.528412060432661,-0.495163605473663,0.183866533355225,0.093005997854394,-0.0192263675898374
-0.537287707307309,-0.528412060432661,0.260897935563109,0.183866533355225,-0.00488288700694284
-0.539541839846902,-0.537287707307309,0.320466677479479,0.260897935563109,-0.0466926070038918
-0.561096982256761,-0.539541839846902,0.359917625069386,0.320466677479479,-0.0161745632104981
-0.568563796294163,-0.561096982256761,0.377805846477058,0.359917625069386,0.0131227588311589
-0.562505815094007,-0.568563796294163,0.3740226969936,0.377805846477058,-0.0387579156176088
-0.580397992127027,-0.562505815094007,0.349802274198207,0.3740226969936,0.0122072175173571
-0.574762660778044,-0.580397992127027,0.307605402426809,0.349802274198207,-0.016784924086366
-0.582511241382895,-0.574762660778044,0.250890001075723,0.307605402426809,0.0231937132829785
-0.571804111819828,-0.582511241382895,0.183787924179275,0.250890001075723,-0.00274662394140535
-0.573072061373349,-0.571804111819828,0.110718021921951,0.183787924179275,-0.0231937132829785
-0.583779190936417,-0.573072061373349,0.035972254132751,0.110718021921951,0.0268558785381856
-0.571381461968655,-0.583779190936417,-0.0366846325463563,0.035972254132751,-0.00762951094834818
-0.574903544061769,-0.571381461968655,-0.104361586567547,-0.0366846325463563,0.00976577401388568
-0.570395278982583,-0.574903544061769,-0.165297916213672,-0.104361586567547,-0.0341802090485999
-0.586174206759734,-0.570395278982583,-0.21900227181175,-0.165297916213672,0.0332646677347981
-0.570817928833756,-0.586174206759734,-0.266257337998837,-0.21900227181175,-0.00793469138628211
-0.574480894210595,-0.570817928833756,-0.308987009086439,-0.266257337998837,-0.0155642023346303
-0.581665941680548,-0.574480894210595,-0.349997024205281,-0.308987009086439,0.0173952849622339
-0.573635594508248,-0.581665941680548,-0.392613614022615,-0.349997024205281,-0.0238040741588463
-0.584624490638764,-0.573635594508248,-0.440256200746696,-0.392613614022615,0.0103761348897535
-0.579834458992129,-0.584624490638764,-0.495988293508643,-0.440256200746696,0.0204470893415731
-0.570395278982583,-0.579834458992129,-0.562094430080826,-0.495988293508643,-0.0189211871519035
-0.579130042573506,-0.570395278982583,-0.639729759077481,-0.562094430080826,0.00915541313801782
-0.574903544061769,-0.579130042573506,-0.728682572703165,-0.639729759077481,-0.0180056458381017
-0.583215657801518,-0.574903544061769,-0.827279271829986,-0.728682572703165,0.0146486610208285
-0.576453260182739,-0.583215657801518,-0.932446872933199,-0.827279271829986,-0.0109864957656214
-0.581525058396823,-0.576453260182739,-1.03993168041069,-0.932446872933199,-0.0198367284657053
-0.59068247183892,-0.581525058396823,-1.1446558681152,-1.03993168041069,-0.00457770656900891
-0.592795721094789,-0.59068247183892,-1.24117827078482,-1.1446558681152,-0.0515754940108337
-0.616604996044241,-0.592795721094789,-1.32421341948264,-1.24117827078482,-0.00457770656900891
-0.61871824530011,-0.616604996044241,-1.38915521594403,-1.32421341948264,-0.0531013962005034
-0.643231936668184,-0.61871824530011,-1.43254961601067,-1.38915521594403,-0.025329976348516
-0.654925249217324,-0.643231936668184,-1.45246467699201,-1.43254961601067,-0.0161745632104981
-0.662392063254726,-0.654925249217324,-1.44871605466346,-1.45246467699201,-0.0659189745937292
-0.692822852539233,-0.662392063254726,-1.42292059860516,-1.44871605466346,-0.0122072175173571
-0.698458183888216,-0.692822852539233,-1.37836860688141,-1.42292059860516,-0.0488288700694284
-0.720999509284146,-0.698458183888216,-1.31972466152749,-1.37836860688141,-0.0411993591210802
-0.740018752586963,-0.720999509284146,-1.25258565913064,-1.31972466152749,-0.0598153658350502
-0.767631876196979,-0.740018752586963,-1.18294058035776,-1.25258565913064,-0.050354772259098
-0.790877618011533,-0.767631876196979,-1.11658787293754,-1.18294058035776,-0.0531013962005034
-0.815391309379607,-0.790877618011533,-1.05857169536113,-1.11658787293754,-0.0598153658350502
-0.843004432989623,-0.815391309379607,-1.01269696869997,-1.05857169536113,-0.0476081483176927
-0.864982225250656,-0.843004432989623,-0.981175238397487,-1.01269696869997,-0.0567635614557109
-0.891186516023426,-0.864982225250656,-0.964439539094271,-0.981175238397487,-0.0735484855420765
-0.925139387401047,-0.891186516023426,-0.961148247739877,-0.964439539094271,-0.0442511635004199
-0.945567463541109,-0.925139387401047,-0.968377294783753,-0.961148247739877,-0.0466926070038909
-0.967122605950968,-0.945567463541109,-0.981979379033199,-0.968377294783753,-0.0476081483176927
-0.989100398212001,-0.967122605950968,-0.997070345201478,-0.981979379033199,-0.0500495918211645
-1.01220525674283,-0.989100398212001,-1.00858875725313,-0.997070345201478,-0.037842374303807
-1.02967478392468,-1.01220525674283,-1.01186658512604,-1.00858875725313,-0.0570687418936449
-1.05601995798117,-1.02967478392468,-1.00314779475184,-1.01186658512604,-0.0598153658350498
-1.08363308159119,-1.05601995798117,-0.979997673169511,-1.00314779475184,-0.0402838178072784
-1.10222967504283,-1.08363308159119,-0.941558285679609,-0.979997673169511,-0.0357061112382699
-1.1187130192386,-1.10222967504283,-0.888623141061217,-0.941558285679609,-0.0424200808728159
-1.13829579567632,-1.1187130192386,-0.823524917080113,-0.888623141061217,-0.0433356221866177
-1.15830122196521,-1.13829579567632,-0.749851577167485,-0.823524917080113,-0.0390630960555431
-1.17633428228195,-1.15830122196521,-0.672025894909817,-0.749851577167485,-0.0302128633554588
-1.19028172737068,-1.17633428228195,-0.594798992573605,-0.672025894909817,-0.025329976348516
-1.20197503991982,-1.19028172737068,-0.522718155524554,-0.594798992573605,-0.00366216525520713
-1.20366563932452,-1.20197503991982,-0.459631755231073,-0.522718155524554,-0.0393682764934771
-1.22183958292499,-1.20366563932452,-0.408289277820802,-0.459631755231073,-0.0103761348897535
-1.22662961457162,-1.22183958292499,-0.370082765298322,-0.408289277820802,-0.0106813153276875
-1.23156052950198,-1.22662961457162,-0.344958800451263,-0.370082765298322,0.00396734569314106
-1.22972904681356,-1.23156052950198,-0.331509531104165,-0.344958800451263,0.0219729915312432
-1.2195854503854,-1.22972904681356,-0.327229584031348,-0.331509531104165,-0.0292973220416575
-1.23311024562295,-1.2195854503854,-0.32890564595957,-0.327229584031348,0.0280766002899218
-1.22014898352029,-1.23311024562295,-0.333089396643973,-0.32890564595957,-0.0222781719691771
-1.23043346323219,-1.22014898352029,-0.336594311242497,-0.333089396643973,0.0192263675898374
-1.22155781635754,-1.23043346323219,-0.336953850802135,-0.336594311242497,0.01861600671397
-1.21296393605034,-1.22155781635754,-0.332783121964476,-0.336953850802135,-0.00885023270008389
-1.21704955127835,-1.21296393605034,-0.323997695739034,-0.332783121964476,-0.00579842832074462
-1.21972633366912,-1.21704955127835,-0.311860566679233,-0.323997695739034,0.0308232242313267
-1.20549712201294,-1.21972633366912,-0.298849153610861,-0.311860566679233,-0.0149538414587624
-1.21240040291544,-1.20549712201294,-0.288356288963246,-0.298849153610861,0.0283817807278552
-1.19929825752906,-1.21240040291544,-0.284259664001424,-0.288356288963246,0.0100709544518196
-1.19464910916615,-1.19929825752906,-0.290410708754877,-0.284259664001424,0.0152590218966964
-1.18760494497992,-1.19464910916615,-0.310104373381777,-0.290410708754877,-0.0244144350347142
-1.19887560767788,-1.18760494497992,-0.345594440464579,-0.310104373381777,0.00946059357595175
-1.19450822588242,-1.19887560767788,-0.397714407055389,-0.345594440464579,0.0109864957656214
-1.18943642766834,-1.19450822588242,-0.465652132062201,-0.397714407055389,0.0119020370794232
-1.18394197960308,-1.18943642766834,-0.546908722843764,-0.465652132062201,0.0393682764934766
-1.16576803600261,-1.18394197960308,-0.637450620465376,-0.546908722843764,0.0131227588311593
-1.15971005480245,-1.16576803600261,-0.732041085708226,-0.637450620465376,-0.01007095445182
-1.16435920316536,-1.15971005480245,-0.824715996741586,-0.732041085708226,0.0195315480277718
-1.15534267300699,-1.16435920316536,-0.909351588132043,-0.824715996741586,-0.00579842832074462
-1.15801945539776,-1.15534267300699,-0.980260562311075,-0.909351588132043,0.0207522697795071
-1.14843939210449,-1.15801945539776,-1.03274924077517,-0.980260562311075,-0.00823987182421604
-1.15224324076505,-1.14843939210449,-1.06357256109353,-1.03274924077517,0.00183108262760356
-1.1513979410627,-1.15224324076505,-1.07123529391121,-1.06357256109353,0.000610360875867855
-1.15111617449525,-1.1513979410627,-1.05610549295244,-1.07123529391121,-0.0296025024795914
-1.16478185301654,-1.15111617449525,-1.02032781917448,-1.05610549295244,0.0180056458381022
-1.15646973927679,-1.16478185301654,-0.967547442936599,-1.02032781917448,-0.00518806744487676
-1.15886475510011,-1.15646973927679,-0.902477003269592,-0.967547442936599,-0.0128175783932254
-1.16478185301654,-1.15886475510011,-0.830357027444529,-0.902477003269592,0.00915541313801826
-1.1605553545048,-1.16478185301654,-0.756372187902998,-0.830357027444529,0.00854505226214997
-1.15661062256051,-1.1605553545048,-0.685090411907137,-0.756372187902998,-0.0140383001449607
-1.16309125361184,-1.15661062256051,-0.619988653211497,-0.685090411907137,-0.0216678110933093
-1.17309396675629,-1.16309125361184,-0.563118509069063,-0.619988653211497,0.0128175783932249
-1.16717686883986,-1.17309396675629,-0.514948121787748,-0.563118509069063,0.000305180437933927
-1.16703598555613,-1.16717686883986,-0.474395960079231,-0.514948121787748,0.000915541313801782
-1.16661333570496,-1.16703598555613,-0.43904962002299,-0.474395960079231,-0.0131227588311589
-1.17267131690511,-1.16661333570496,-0.405541376156509,-0.43904962002299,0.00518806744487676
-1.1702763010818,-1.17267131690511,-0.370034357501513,-0.405541376156509,-0.0311284046692606
-1.1846463960217,-1.1702763010818,-0.328760980257469,-0.370034357501513,0.0399786373693445
-1.16619068585378,-1.1846463960217,-0.278550007261286,-0.328760980257469,-0.0341802090485999
-1.18196961363094,-1.16619068585378,-0.217280846660593,-0.278550007261286,0.0381475547417409
-1.16435920316536,-1.18196961363094,-0.144213072495476,-0.217280846660593,-0.00183108262760356
-1.16520450286771,-1.16435920316536,-0.0601544301291419,-0.144213072495476,-0.00854505226214997
-1.169149234812,-1.16520450286771,0.0325501221317541,-0.0601544301291419,-0.00274662394140535
-1.17041718436552,-1.169149234812,0.13020483450709,0.0325501221317541,-0.00396734569314106
-1.17224866705394,-1.17041718436552,0.228101442429957,0.13020483450709,0.0366216525520717
-1.15534267300699,-1.17224866705394,0.320968780837342,0.228101442429957,-0.0207522697795075
-1.16492273630026,-1.15534267300699,0.403481431880833,0.320968780837342,0.0534065766384377
-1.14026816164846,-1.16492273630026,0.470769710148297,0.403481431880833,0.0177004654001678
-1.13209693119244,-1.14026816164846,0.518874769099105,0.470769710148297,-0.0119020370794232
-1.1375913792577,-1.13209693119244,0.545100603178965,0.518874769099105,0.0476081483176927
-1.11561358699666,-1.1375913792577,0.548228086844267,0.545100603178965,0.0326543068589307
-1.10053907563813,-1.11561358699666,0.528573180011023,0.548228086844267,0.0198367284657053
-1.09138166219604,-1.10053907563813,0.487889894215678,0.528573180011023,-0.00793469138628211
-1.09504462757288,-1.09138166219604,0.429136291748399,0.487889894215678,0.0320439459830624
-1.0802518827818,-1.09504462757288,0.356136580895627,0.429136291748399,0.0534065766384373
-1.05559730813,-1.0802518827818,0.273182591872662,0.356136580895627,-0.00488288700694284
-1.05785144066959,-1.05559730813,0.184622503004489,0.273182591872662,0.0512703135729002
-1.03418304900386,-1.05785144066959,0.0944832995351681,0.184622503004489,0.0207522697795071
-1.02460298571059,-1.03418304900386,0.00616650547051734,0.0944832995351681,-0.00488288700694284
-1.02685711825019,-1.02460298571059,-0.077754671093007,0.00616650547051734,0.0582894636453801
-0.999948411058793,-1.02685711825019,-0.155622878070869,-0.077754671093007,-0.00396734569314106
-1.00177989374721,-0.999948411058793,-0.226670102573625,-0.155622878070869,0.0390630960555431
-0.983746833430467,-1.00177989374721,-0.290892464841861,-0.226670102573625,0.0433356221866177
-0.963741407141578,-0.983746833430467,-0.348852989534149,-0.290892464841861,-0.00976577401388568
-0.968249672220765,-0.963741407141578,-0.401446173474093,-0.348852989534149,0.0540169375143051
-0.943313331001516,-0.968249672220765,-0.449660427876204,-0.401446173474093,0.0283817807278557
-0.930211185615131,-0.943313331001516,-0.494371760546998,-0.449660427876204,0.0192263675898374
-0.921335538740483,-0.930211185615131,-0.536194963153859,-0.494371760546998,0.00457770656900891
-0.919222289484615,-0.921335538740483,-0.575408230906422,-0.536194963153859,0.0396734569314106
-0.900907462600421,-0.919222289484615,-0.611955117266553,-0.575408230906422,-0.00885023270008389
-0.904993077828433,-0.900907462600421,-0.645515747968846,-0.611955117266553,0.0119020370794232
-0.899498629763175,-0.904993077828433,-0.675628965885865,-0.645515747968846,0.041809719996948
-0.880197619892909,-0.899498629763175,-0.701839950144407,-0.675628965885865,-0.0222781719691767
-0.890482099604803,-0.880197619892909,-0.723844783304095,-0.701839950144407,0.00244144350347142
-0.889355033335006,-0.890482099604803,-0.741604778278183,-0.723844783304095,0.00122072175173571
-0.888791500200108,-0.889355033335006,-0.755408846472617,-0.741604778278183,0.0268558785381856
-0.876393771232346,-0.888791500200108,-0.765870935754378,-0.755408846472617,-0.0100709544518196
-0.881042919595257,-0.876393771232346,-0.773860281240481,-0.765870935754378,0.014648661020829
-0.874280521976477,-0.881042919595257,-0.780373312514221,-0.773860281240481,0.000610360875867855
-0.873998755409028,-0.874280521976477,-0.786365916300165,-0.780373312514221,-0.00366216525520757
-0.875689354813723,-0.873998755409028,-0.79257190863489,-0.786365916300165,-0.0317387655451284
-0.890341216321078,-0.875689354813723,-0.799336948310447,-0.79257190863489,0.0173952849622339
-0.882310869148778,-0.890341216321078,-0.806496175919299,-0.799336948310447,-0.0134279392690928
-0.888509733632659,-0.882310869148778,-0.813318649781646,-0.806496175919299,-0.0106813153276875
-0.893440648563019,-0.888509733632659,-0.818532834415558,-0.813318649781646,0.0311284046692606
-0.879070553623113,-0.893440648563019,-0.820436159063932,-0.818532834415558,-0.0033569848172732
-0.880620269744083,-0.879070553623113,-0.817079542735895,-0.820436159063932,-0.00762951094834818
-0.884142351837197,-0.880620269744083,-0.806506469786616,-0.817079542735895,-0.0109864957656214
-0.889214150051282,-0.884142351837197,-0.787017309466086,-0.806506469786616,-0.0231937132829785
-0.899921279614349,-0.889214150051282,-0.757424416974975,-0.787017309466086,-0.00732433051041426
-0.903302478423738,-0.899921279614349,-0.717262960897002,-0.757424416974975,0.0161745632104981
-0.895835664386336,-0.903302478423738,-0.66692661569359,-0.717262960897002,-0.0384527351796748
-0.913586958135632,-0.895835664386336,-0.607705815191168,-0.66692661569359,-0.00457770656900891
-0.9157002073915,-0.913586958135632,-0.541718159430118,-0.607705815191168,0.0158693827725642
-0.908374276637823,-0.9157002073915,-0.471734303766183,-0.541718159430118,-0.0408941786831463
-0.927252636656915,-0.908374276637823,-0.400916453353905,-0.471734303766183,0.0186160067139696
-0.918658756349716,-0.927252636656915,-0.332498604791579,-0.400916453353905,-0.00823987182421604
-0.92246260501028,-0.918658756349716,-0.269446278280959,-0.332498604791579,-0.00793469138628211
-0.926125570387119,-0.92246260501028,-0.214137439738419,-0.269446278280959,-0.0381475547417414
-0.94373598085269,-0.926125570387119,-0.168104977834647,-0.214137439738419,0.0234988937209124
-0.932887968005898,-0.94373598085269,-0.131874510476592,-0.168104977834647,-0.0332646677347981
-0.948244245931876,-0.932887968005898,-0.10492017144045,-0.131874510476592,-0.00274662394140535
-0.949512195485397,-0.948244245931876,-0.0857467000243965,-0.10492017144045,0.00122072175173571
-0.948948662350499,-0.949512195485397,-0.0720903986020871,-0.0857467000243965,0.0326543068589302
-0.93387415099197,-0.948948662350499,-0.0612163306998812,-0.0720903986020871,0.00183108262760356
-0.933028851289623,-0.93387415099197,-0.0502764686125388,-0.0612163306998812,-0.029297322041657
-0.946553646527181,-0.933028851289623,-0.036685039986577,-0.0502764686125388,0.025329976348516
-0.934860333978042,-0.946553646527181,-0.018464233872264,-0.036685039986577,-0.00305180437933927
-0.936269166815288,-0.934860333978042,0.00548379232881802,-0.018464233872264,-0.0216678110933088
-0.946271879959732,-0.936269166815288,0.0352142559344308,0.00548379232881802,0.0344853894865342
-0.930352068898856,-0.946271879959732,0.0697090243619516,0.0352142559344308,-0.0173952849622343
-0.938382416071156,-0.930352068898856,0.106984251092705,0.0697090243619516,0.00244144350347142
-0.93725534980136,-0.938382416071156,0.144325553818228,0.106984251092705,0.0265506981002521
-0.924998504117322,-0.93725534980136,0.178623738344275,0.144325553818228,0.0112916762035553
-0.919785822619513,-0.924998504117322,0.206771019089935,0.178623738344275,0.00732433051041426
-0.916404623810123,-0.919785822619513,0.226069448342644,0.206771019089935,-0.00823987182421604
-0.920208472470687,-0.916404623810123,0.234600943502179,0.226069448342644,-0.00762951094834818
-0.923730554563801,-0.920208472470687,0.231512262174475,0.234600943502179,0.00732433051041426
-0.920349355754411,-0.923730554563801,0.217178098256182,0.231512262174475,0.012512397955291
-0.914573141121704,-0.920349355754411,0.193219993511035,0.217178098256182,0.0195315480277714
-0.905556610963332,-0.914573141121704,0.162376210444612,0.193219993511035,0.0219729915312428
-0.895413014535163,-0.905556610963332,0.128235939998878,0.162376210444612,0.00976577401388568
-0.890904749455976,-0.895413014535163,0.0948679518533995,0.128235939998878,-0.0131227588311589
-0.896962730656133,-0.890904749455976,0.0663869358769409,0.0948679518533995,0.0305180437933927
-0.882874402283676,-0.896962730656133,0.0465086671024428,0.0663869358769409,-0.0115968566414892
-0.88822796706521,-0.882874402283676,0.0381467401330666,0.0465086671024428,0.0231937132829785
-0.877520837502142,-0.88822796706521,0.0430987312073152,0.0381467401330666,-0.00488288700694284
-0.879774970041736,-0.877520837502142,0.061858842715008,0.0430987312073152,0.00366216525520713
-0.878084370637041,-0.879774970041736,0.0935786980592477,0.061858842715008,0.0360112916762039
-0.861460143157541,-0.878084370637041,0.136179898693489,0.0935786980592477,0.0497444113832302
-0.838496167910437,-0.861460143157541,0.186603486454066,0.136179898693489,0.0241092545967803
-0.827366388496196,-0.838496167910437,0.241164887132678,0.186603486454066,0.0173952849622339
-0.819336041323896,-0.827366388496196,0.295970324008756,0.241164887132678,0.0347905699244682
-0.803275346979295,-0.819336041323896,0.347343660594914,0.295970324008756,-0.0115968566414892
-0.808628911760828,-0.803275346979295,0.392212034992242,0.347343660594914,0.0482185091935605
-0.786369352932346,-0.808628911760828,0.428404542266748,0.392212034992242,0.00640878919661247
-0.78341080397413,-0.786369352932346,0.454829837903059,0.428404542266748,0.0952162966353858
-0.739455219452065,-0.78341080397413,0.471514375599316,0.454829837903059,0.0155642023346303
-0.732270171982112,-0.739455219452065,0.479501016175101,0.471514375599316,0.0430304417486838
-0.712405628976948,-0.732270171982112,0.48062562957458,0.479501016175101,0.0103761348897535
-0.707615597330313,-0.712405628976948,0.477204753156841,0.48062562957458,0.0445563439383534
-0.687046637906526,-0.707615597330313,0.47167837359767,0.477204753156841,0.00885023270008389
-0.682961022678513,-0.687046637906526,0.466257044508013,0.47167837359767,0.054016937514306
-0.658024681459264,-0.682961022678513,0.462621172073976,0.466257044508013,0.0228885328450446
-0.647458435179921,-0.658024681459264,0.461712578351544,0.462621172073976,0.0427252613107498
-0.627734775458482,-0.647458435179921,0.463645396270396,0.461712578351544,0.0119020370794232
-0.622240327393224,-0.627734775458482,0.467746674446226,0.463645396270396,0.0863660639353014
-0.582370358099171,-0.622240327393224,0.472718971287641,0.467746674446226,0.05432211795224
-0.557293133596197,-0.582370358099171,0.476900097631905,0.472718971287641,0.0540169375143051
-0.532356792376949,-0.557293133596197,0.478581318870431,0.476900097631905,0.0473029678797587
-0.510519883399641,-0.532356792376949,0.476336637611577,0.478581318870431,0.0729381246662086
-0.476848778589469,-0.510519883399641,0.469313475226853,0.476336637611577,0.079346913862822
-0.440219124821081,-0.476848778589469,0.457439558388081,0.469313475226853,0.0653086137178605
-0.410070102104023,-0.440219124821081,0.441511609213971,0.457439558388081,0.0393682764934766
-0.391896158503554,-0.410070102104023,0.423147210887202,0.441511609213971,0.109864957656214
-0.341178176362709,-0.391896158503554,0.404599971774371,0.423147210887202,0.03723201342794
-0.323990415748311,-0.341178176362709,0.388457407845995,0.404599971774371,0.0497444113832302
-0.301026440501207,-0.323990415748311,0.377258251879343,0.388457407845995,0.0854505226214997
-0.261579121058328,-0.301026440501207,0.373078831999669,0.377258251879343,0.0561532005798426
-0.235656596853007,-0.261579121058328,0.377144909245998,0.373078831999669,0.0671396963454649
-0.204662274433602,-0.235656596853007,0.389524852093486,0.377144909245998,0.0451667048142212
-0.183811548442366,-0.204662274433602,0.408952096753951,0.389524852093486,0.0723277637903408
-0.150422210199643,-0.183811548442366,0.432810289786544,0.408952096753951,0.0549324788281069
-0.125063219129221,-0.150422210199643,0.457294999535257,0.432810289786544,0.0720225833524077
-0.0918147641702221,-0.125063219129221,0.47774375848895,0.457294999535257,0.0479133287556266
-0.0696960886254649,-0.0918147641702221,0.489104198331312,0.47774375848895,0.0888075074387729
-0.0286990530616156,-0.0696960886254649,0.486490959218174,0.489104198331312,0.033569848172732
-0.0132018918519131,-0.0286990530616156,0.465768397191698,0.486490959218174,0.0701915007248033
0.0192012634047376,-0.0132018918519131,0.424089767115064,0.465768397191698,0.0659189745937292
0.0496320526892448,0.0192012634047376,0.360325548165896,0.424089767115064,0.075684748607614
0.0845711070529377,0.0496320526892448,0.275323920282847,0.360325548165896,0.0558480201419087
0.110352747974534,0.0845711070529377,0.171964075834999,0.275323920282847,0.0488288700694284
0.132894073370465,0.110352747974534,0.0549861157782212,0.171964075834999,0.0659189745937292
0.163324862654972,0.132894073370465,-0.0693929189832012,0.0549861157782212,0.0244144350347142
0.174595525352937,0.163324862654972,-0.194041840605506,-0.0693929189832012,0.0537117570763712
0.199390983288461,0.174595525352937,-0.311599791827096,-0.194041840605506,0.0219729915312428
0.20953457971663,0.199390983288461,-0.415209293301748,-0.311599791827096,0.0634775310902569
0.23883830273134,0.20953457971663,-0.499216947926461,-0.415209293301748,-0.00823987182421604
0.235034454070777,0.23883830273134,-0.559762378275567,-0.499216947926461,0.0570687418936453
0.261379628127272,0.235034454070777,-0.595186768993291,-0.559762378275567,-0.0234988937209124
0.25053161528048,0.261379628127272,-0.606211399232766,-0.595186768993291,0.0527962157625694
0.27490442336483,0.25053161528048,-0.59586169775445,-0.606211399232766,-0.0259403372243838
0.262929344248242,0.27490442336483,-0.569140794199512,-0.59586169775445,0.0274662394140535
0.275608839783453,0.262929344248242,-0.532485005336599,-0.569140794199512,0.0122072175173571
0.281244171132436,0.275608839783453,-0.493058871635061,-0.532485005336599,-0.00427252613107498
0.279271805160292,0.281244171132436,-0.457966282568048,-0.493058871635061,-0.0216678110933088
0.269269092015848,0.279271805160292,-0.433464635920055,-0.457966282568048,0.00640878919661247
0.272227640974063,0.269269092015848,-0.424269578926769,-0.433464635920055,0.0115968566414892
0.277581205755597,0.272227640974063,-0.433028521811211,-0.424269578926769,-0.0317387655451284
0.262929344248242,0.277581205755597,-0.460022798806588,-0.433028521811211,0.0286869611657892
0.276172372918351,0.262929344248242,-0.503133124351164,-0.460022798806588,-0.000305180437933927
0.276031489634627,0.276172372918351,-0.558073707593443,-0.503133124351164,-0.0195315480277714
0.267014959476254,0.276031489634627,-0.618870378098855,-0.558073707593443,-0.0131227588311589
0.260956978276098,0.267014959476254,-0.678530759710291,-0.618870378098855,-0.0674448767833988
0.229821772572968,0.260956978276098,-0.729833018285386,-0.678530759710291,-0.0134279392690928
0.223622908089087,0.229821772572968,-0.766146442275412,-0.729833018285386,-0.0735484855420765
0.189670036711466,0.223622908089087,-0.782193580689563,-0.766146442275412,-0.0952162966353853
0.145714452189401,0.189670036711466,-0.774670228315745,-0.782193580689563,-0.0701915007248042
0.11331129693275,0.145714452189401,-0.742655423558696,-0.774670228315745,-0.0479133287556266
0.0911926213879924,0.11331129693275,-0.68776696225783,-0.742655423558696,-0.113221942473487
0.0389249231261776,0.0911926213879924,-0.614046047361444,-0.68776696225783,-0.0421149004348829
0.0194830299721868,0.0389249231261776,-0.527584386309199,-0.614046047361444,-0.0833142595559622
-0.0189781064846204,0.0194830299721868,-0.435934967863819,-0.527584386309199,-0.116884107728694
-0.07293640415113,-0.0189781064846204,-0.347370792974224,-0.435934967863819,-0.0567635614557114
-0.0991406949239001,-0.07293640415113,-0.270071491556043,-0.347370792974224,-0.0854505226214997
-0.138588014366779,-0.0991406949239001,-0.211324396304543,-0.270071491556043,-0.033569848172732
-0.154085175576482,-0.138588014366779,-0.176823682487118,-0.211324396304543,-0.071412222476539
-0.187051863968031,-0.154085175576482,-0.170139133304517,-0.176823682487118,-0.0671396963454649
-0.218046186387436,-0.187051863968031,-0.192406485384916,-0.170139133304517,-0.0149538414587624
-0.22494946728994,-0.218046186387436,-0.242266500142101,-0.192406485384916,-0.0814831769283586
-0.2625653040444,-0.22494946728994,-0.316052777988971,-0.242266500142101,-0.0222781719691767
-0.272849783756293,-0.2625653040444,-0.40820195591674,-0.316052777988971,-0.037842374303807
-0.29031931093814,-0.272849783756293,-0.51183720764388,-0.40820195591674,-0.0451667048142212
-0.311170036929376,-0.29031931093814,-0.619459304300005,-0.51183720764388,-0.0527962157625703
-0.335542845013726,-0.311170036929376,-0.723670537405635,-0.619459304300005,-0.0592050049591819
-0.362874202056293,-0.335542845013726,-0.817856273979211,-0.723670537405635,-0.0393682764934766
-0.381048145656762,-0.362874202056293,-0.896756546785606,-0.817856273979211,-0.0436408026245516
-0.401194455229375,-0.381048145656762,-0.956874706951828,-0.896756546785606,-0.0512703135728998
-0.424862846895103,-0.401194455229375,-0.996689861051681,-0.956874706951828,-0.0207522697795071
-0.434442910188373,-0.424862846895103,-1.01666216412647,-0.996689861051681,-0.079346913862822
-0.471072563956762,-0.434442910188373,-1.01904243175295,-1.01666216412647,-0.0354009308003356
-0.487415024868811,-0.471072563956762,-1.00751747153847,-1.01904243175295,-0.0479133287556266
-0.509533700413569,-0.487415024868811,-0.986737921870348,-1.00751747153847,-0.054627298390173
-0.534751808200266,-0.509533700413569,-0.961784755467445,-0.986737921870348,-0.0244144350347142
-0.546022470898232,-0.534751808200266,-0.937633258884127,-0.961784755467445,-0.0476081483176936
-0.568000263159265,-0.546022470898232,-0.918669351458873,-0.937633258884127,-0.0808728160524907
-0.605334333346276,-0.568000263159265,-0.908303430562239,-0.918669351458873,-0.0244144350347142
-0.616604996044241,-0.605334333346276,-0.908713009648337,-0.908303430562239,-0.0537117570763712
-0.641400453979765,-0.616604996044241,-0.920729138266187,-0.908713009648337,-0.0375371938658731
-0.658729097877887,-0.641400453979765,-0.94386499736301,-0.920729138266187,-0.0280766002899213
-0.671690359980547,-0.658729097877887,-0.976470084100982,-0.94386499736301,-0.0512703135729007
-0.695358751646275,-0.671690359980547,-1.01598164123652,-0.976470084100982,-0.0650034332799265
-0.725366891079608,-0.695358751646275,-1.05923754335421,-1.01598164123652,-0.046082246128023
-0.746640266922018,-0.725366891079608,-1.10281221411423,-1.05923754335421,-0.0177004654001678
-0.754811497378043,-0.746640266922018,-1.14333917609963,-1.10281221411423,-0.0445563439383538
-0.77538045680183,-0.754811497378043,-1.17778982332595,-1.14333917609963,-0.0720225833524069
-0.808628911760828,-0.77538045680183,-1.20368681662638,-1.17778982332595,-0.0524910353246359
-0.832860836561454,-0.808628911760828,-1.21924073862446,-1.20368681662638,-0.0433356221866177
-0.852866262850343,-0.832860836561454,-1.22340885788762,-1.21924073862446,-0.0677500572213323
-0.884142351837197,-0.852866262850343,-1.21588373250165,-1.22340885788762,-0.0234988937209124
-0.894990364683989,-0.884142351837197,-1.19702592924045,-1.21588373250165,-0.0592050049591819
-0.922321721726555,-0.894990364683989,-1.16775876236311,-1.19702592924045,-0.0503547722590985
-0.945567463541109,-0.922321721726555,-1.12944354997405,-1.16775876236311,-0.0686655985351337
-0.977266202379137,-0.945567463541109,-1.08375177770631,-1.12944354997405,-0.0567635614557109
-1.00347049315191,-0.977266202379137,-1.03254644696191,-1.08375177770631,-0.0399786373693445
-1.02192620331983,-1.00347049315191,-0.977779701911144,-1.03254644696191,-0.0912489509422447
-1.06405030515347,-1.02192620331983,-0.92140858875224,-0.977779701911144,-0.041809719996948
-1.08335131502374,-1.06405030515347,-0.865326433310332,-0.92140858875224,-0.0222781719691767
-1.09363579473563,-1.08335131502374,-0.811304536758716,-0.865326433310332,-0.0604257267109181
-1.1215306849131,-1.09363579473563,-0.760938067260839,-0.811304536758716,-0.0531013962005034
-1.14604437628117,-1.1215306849131,-0.715591178070532,-0.760938067260839,-0.0323491264209963
-1.16097800435597,-1.14604437628117,-0.676339158862225,-0.715591178070532,-0.0384527351796753
-1.17872929810527,-1.16097800435597,-0.643909181424065,-0.676339158862225,-0.00762951094834818
-1.18225138019838,-1.17872929810527,-0.618625106652392,-0.643909181424065,-0.0207522697795071
-1.19183144349166,-1.18225138019838,-0.600365009662887,-0.618625106652392,-0.0366216525520713
-1.2087374375386,-1.19183144349166,-0.588541792679941,-0.600365009662887,0.00762951094834818
-1.20521535544549,-1.2087374375386,-0.582116967342964,-0.588541792679941,0.000610360875867855
-1.20493358887804,-1.20521535544549,-0.579655207670134,-0.582116967342964,-0.0399786373693449
-1.22338929904596,-1.20493358887804,-0.579422787368538,-0.579655207670134,0.0216678110933093
-1.21338658590151,-1.22338929904596,-0.579527068734655,-0.579422787368538,-0.0134279392690928
-1.2195854503854,-1.21338658590151,-0.578087645585194,-0.579527068734655,-0.0283817807278557
-1.23268759577178,-1.2195854503854,-0.573423573840045,-0.578087645585194,0.0253299763485164
-1.22099428322264,-1.23268759577178,-0.564236389000762,-0.573423573840045,0.00946059357595175
-1.21662690142718,-1.22099428322264,-0.549766212771934,-0.564236389000762,-0.031128404669261
-1.23099699636709,-1.21662690142718,-0.529898812546305,-0.549766212771934,0.0286869611657896
-1.21775396769698,-1.23099699636709,-0.505205225422033,-0.529898812546305,-0.00305180437933927
-1.21916280053422,-1.21775396769698,-0.476902269019357,-0.505205225422033,-0.0164797436484325
-1.22677049785535,-1.21916280053422,-0.446731263072682,-0.476902269019357,0.0250247959105825
-1.21521806858993,-1.22677049785535,-0.416762528069224,-0.446731263072682,-0.0100709544518196
-1.21986721695284,-1.21521806858993,-0.389143406681428,-0.416762528069224,-0.00183108262760356
-1.22071251665519,-1.21986721695284,-0.365816282073996,-0.389143406681428,0.0198367284657053
-1.21155510321309,-1.22071251665519,-0.34823905914058,-0.365816282073996,-0.00732433051041426
-1.21493630202248,-1.21155510321309,-0.33714283105452,-0.34823905914058,0.0338750286106659
-1.19929825752906,-1.21493630202248,-0.332359413120934,-0.33714283105452,-0.0192263675898374
-1.20817390440371,-1.19929825752906,-0.332745065643087,-0.332359413120934,0.0317387655451284
-1.19352204289635,-1.20817390440371,-0.336216593757954,-0.332745065643087,0.0161745632104981
-1.18605522885895,-1.19352204289635,-0.339903177528254,-0.336216593757954,-0.0149538414587624
-1.19295850976145,-1.18605522885895,-0.340403233396156,-0.339903177528254,0.0366216525520713
-1.1760525157145,-1.19295850976145,-0.334122057967393,-0.340403233396156,-0.00244144350347142
-1.1771795819843,-1.1760525157145,-0.317654699752646,-0.334122057967393,0.0247196154726481
-1.16576803600261,-1.1771795819843,-0.288170985274648,-0.317654699752646,0.0137331197070272
-1.159428288235,-1.16576803600261,-0.243757025551061,-0.288170985274648,0.00549324788281069
-1.15689238912796,-1.159428288235,-0.183670409234895,-0.243757025551061,-0.00885023270008389
-1.16097800435597,-1.15689238912796,-0.108474545957248,-0.183670409234895,0.0146486610208285
-1.1542156067372,-1.16097800435597,-0.0200304757017795,-0.108474545957248,0.037842374303807
-1.13674607955535,-1.1542156067372,0.078659479575431,-0.0200304757017795,-0.0131227588311589
-1.14280406075551,-1.13674607955535,0.183744416629443,0.078659479575431,0.0451667048142212
-1.12195333476427,-1.14280406075551,0.290925377207687,0.183744416629443,-0.0103761348897535
-1.1267433664109,-1.12195333476427,0.395921223103938,0.290925377207687,0.0271610589761195
-1.11420475415942,-1.1267433664109,0.494947996691499,0.395921223103938,0.0292973220416575
-1.10067995892186,-1.11420475415942,0.585156372379217,0.494947996691499,0.00457770656900891
-1.09856670966599,-1.10067995892186,0.66497474494575,0.585156372379217,0.021057450217441
-1.088845763089,-1.09856670966599,0.734314760042951,0.66497474494575,0.025329976348516
-1.07715245053986,-1.088845763089,0.794610746454619,0.734314760042951,0.0213626306553749
-1.06729062067914,-1.07715245053986,0.848682958131374,0.794610746454619,0.0305180437933927
-1.05320229230668,-1.06729062067914,0.900434678391482,0.848682958131374,0.0659189745937288
-1.02277150302217,-1.05320229230668,0.954412727958053,0.900434678391482,0.00823987182421604
-1.01896765436161,-1.02277150302217,1.01527742929177,0.954412727958053,0.065003433279927
-0.988959514928276,-1.01896765436161,1.08723959843244,1.01527742929177,0.00885023270008389
-0.984873899700264,-0.988959514928276,1.17352720781393,1.08723959843244,0.0704966811627372
-0.952329861159888,-0.984873899700264,1.27594227881988,1.17352720781393,0.0280766002899213
-0.939368599057228,-0.952329861159888,1.39455945177414,1.27594227881988,0.0741588464179448
-0.905133961112158,-0.939368599057228,1.52760251113899,1.39455945177414,0.081788357366293
-0.867377241073973,-0.905133961112158,1.67151561355751,1.52760251113899,0.0427252613107498
-0.847653581352534,-0.867377241073973,1.82122430993034,1.67151561355751,0.0936903944457161
-0.804402413249091,-0.847653581352534,1.97056017641604,1.82122430993034,0.0729381246662086
-0.770731308438919,-0.804402413249091,2.11280445397926,1.97056017641604,0.10101472495613
-0.724098941526087,-0.770731308438919,2.24129269989239,2.11280445397926,0.0531013962005034
-0.699585250158012,-0.724098941526087,2.35001565233887,2.24129269989239,0.0537117570763712
-0.674789792222488,-0.699585250158012,2.43415210171745,2.35001565233887,0.0231937132829794
-0.664082662659421,-0.674789792222488,2.49047747771489,2.43415210171745,0.130617227435721
-0.603784617225305,-0.664082662659421,2.51760616252268,2.49047747771489,0.431525139238575
-0.404575654038765,-0.603784617225305,2.51604453670927,2.51760616252268,0.387884336614023
-0.225513000424838,-0.404575654038765,2.48805321337997,2.51604453670927,0.406805523765927
-0.0377155832199879,-0.225513000424838,2.43733829537505,2.48805321337997,0.436102845807584
0.163606629222421,-0.0377155832199879,2.36861029874148,2.43733829537505,0.431830319676508
0.362956475692685,0.163606629222421,2.28706344550358,2.36861029874148,0.415655756466011
0.554839508125548,0.362956475692685,2.19783574458864,2.28706344550358,0.197756923781186
0.646131875979069,0.554839508125548,2.10551082765663,2.19783574458864,0.233768215457389
0.754048471312089,0.646131875979069,2.01371592768401,2.10551082765663,0.175478751812009
0.835056359453716,0.754048471312089,1.92485757673929,2.01371592768401,0.224917982757304
0.938887339558723,0.835056359453716,1.84001918694217,1.92485757673929,0.22919050888838
1.04469068563587,0.938887339558723,1.7590248286442,1.84001918694217,0.212710765239948
1.1428863343919,1.04469068563587,1.68065365931129,1.7590248286442,0.22674906538491
1.24756261419925,1.1428863343919,1.60297197697714,1.68065365931129,0.163881895170519
1.32321693755935,1.24756261419925,1.52373683792939,1.60297197697714,0.173037308308537
1.40309775943118,1.32321693755935,1.44081807808569,1.52373683792939,0.208438239108874
1.49932104221506,1.40309775943118,1.35258514874472,1.44081807808569,0.130922407873655
1.5597599709329,1.49932104221506,1.25821132563294,1.35258514874472,0.16632333867399
1.63654136056279,1.5597599709329,1.15785967231824,1.25821132563294,0.0836194399938961
1.67514338030332,1.63654136056279,1.05273104669195,1.15785967231824,0.132143129625392
1.73614584215606,1.67514338030332,0.944972365757358,1.05273104669195,0.0915541313801782
1.77841082727343,1.73614584215606,0.837461009179249,0.944972365757358,0.0781261921110854
1.81447694790692,1.77841082727343,0.73349644018646,0.837461009179249,0
1.81447694790692,1.81447694790692,0.636440997621338,0.73349644018646,0.0595101853971158
1.84194918823321,1.81447694790692,0.549357087461271,0.636440997621338,0.00427252613107498
1.84392155420535,1.84194918823321,0.474687129107643,0.549357087461271,0.0573739223315783
1.87040761154557,1.84392155420535,0.414015833722526,0.474687129107643,-0.0280766002899213
1.85744634944291,1.87040761154557,0.367942698911039,0.414015833722526,0.0338750286106659
1.87308439393634,1.85744634944291,0.336077597103843,0.367942698911039,-0.0112916762035553
1.86787171243853,1.87308439393634,0.317156013362891,0.336077597103843,0.00885023270008389
1.87195732766654,1.86787171243853,0.309254988284286,0.317156013362891,0.000915541313801782
1.87237997751772,1.87195732766654,0.310078140372919,0.309254988284286,-0.00823987182421604
1.86857612885715,1.87237997751772,0.317269882247131,0.310078140372919,0.00122072175173571
1.86913966199205,1.86857612885715,0.328716111788628,0.317269882247131,0.0134279392690928
1.87533852647593,1.86913966199205,0.342791537632359,0.328716111788628,-0.0314335851071945
1.8608275482523,1.87533852647593,0.35852192257899,0.342791537632359,-0.029602502479591
1.84716186973102,1.8608275482523,0.375641750318308,0.35852192257899,0.00518806744487676
1.84955688555434,1.84716186973102,0.39454246502386,0.375641750318308,-0.000305180437933927
1.84941600227061,1.84955688555434,0.416121520892434,0.39454246502386,-0.0387579156176088
1.83152382523759,1.84941600227061,0.441555988243809,0.416121520892434,-0.0433356221866177
1.8115183989487,1.83152382523759,0.472034596531872,0.441555988243809,0.0262455176623178
1.82363436134901,1.8115183989487,0.50848751375054,0.472034596531872,-0.012512397955291
1.81785814671631,1.82363436134901,0.551353161320278,0.50848751375054,-0.0283817807278552
1.80475600132992,1.81785814671631,0.600415964038545,0.551353161320278,-0.0323491264209963
1.78982237325512,1.80475600132992,0.654738878145986,0.600415964038545,-0.037842374303807
1.77235284607327,1.78982237325512,0.712701192341465,0.654738878145986,-0.00885023270008389
1.76826723084526,1.77235284607327,0.772137264972529,0.712701192341465,-0.000915541313801782
1.76784458099409,1.76826723084526,0.830557558054026,0.772137264972529,0.00610360875867855
1.77066224666858,1.76784458099409,0.885421505427817,0.830557558054026,-0.0366216525520713
1.75375625262163,1.77066224666858,0.934424037080303,0.885421505427817,0.0366216525520713
1.77066224666858,1.75375625262163,0.975755063646309,0.934424037080303,-0.0393682764934766
1.75248830306811,1.77066224666858,1.00829430569546,0.975755063646309,-0.00122072175173571
1.75192476993321,1.75248830306811,1.0317121857218,1.00829430569546,0.0381475547417409
1.76953518039878,1.75192476993321,1.04646003267178,1.0317121857218,0.0885023270008389
1.81039133267891,1.76953518039878,1.05364794885663,1.04646003267178,0.0845349813076979
1.84941600227061,1.81039133267891,1.05482435932664,1.05364794885663,0.115663385976958
1.90281076680222,1.84941600227061,1.05168539829384,1.05482435932664,0.104066529335471
1.9508519665523,1.90281076680222,1.04575294840073,1.05168539829384,0.139162279697871
2.0150947439307,1.9508519665523,1.03806582515823,1.04575294840073,0.0521858548867016
2.0391857854476,2.0150947439307,1.02892841107744,1.03806582515823,0
2.0391857854476,2.0391857854476,1.01775487007052,1.02892841107744,0
2.0391857854476,2.0391857854476,1.00303557790018,1.01775487007052,0
2.0391857854476,2.0391857854476,0.982436968812719,1.00303557790018,0
2.0391857854476,2.0391857854476,0.953028550510121,0.982436968812719,0
2.0391857854476,2.0391857854476,0.911613616523541,0.953028550510121,0
2.0391857854476,2.0391857854476,0.855125449115231,0.911613616523541,0
2.0391857854476,2.0391857854476,0.78104055257927,0.855125449115231,0
2.0391857854476,2.0391857854476,0.687756152286911,0.78104055257927,0
2.0391857854476,2.0391857854476,0.574881575920079,0.687756152286911,0
2.0391857854476,2.0391857854476,0.443402097516799,0.574881575920079,0
2.0391857854476,2.0391857854476,0.295688424788746,0.443402097516799,0
2.0391857854476,2.0391857854476,0.135343555044015,0.295688424788746,0
2.0391857854476,2.0391857854476,-0.0331010211752196,0.135343555044015,0
2.0391857854476,2.0391857854476,-0.204608338324735,-0.0331010211752196,0
2.0391857854476,2.0391857854476,-0.374130593295111,-0.204608338324735,0
2.0391857854476,2.0391857854476,-0.537117036449462,-0.374130593295111,0
2.0391857854476,2.0391857854476,-0.689972906843826,-0.537117036449462,0
2.0391857854476,2.0391857854476,-0.830410965002762,-0.689972906843826,0
2.0391857854476,2.0391857854476,-0.957648307727883,-0.830410965002762,-0.0494392309452962
2.01636269348422,2.0391857854476,-1.07241849414386,-0.957648307727883,-0.0817883573662925
1.97860597344604,2.01636269348422,-1.17679062216463,-1.07241849414386,-0.0943007553215836
1.93507303877515,1.97860597344604,-1.27381035037174,-1.17679062216463,-0.10009918364233
1.88886332171349,1.93507303877515,-1.36700016805376,-1.27381035037174,-0.063172350652323
1.8597004819825,1.88886332171349,-1.4597747427213,-1.36700016805376,-0.119935912108033
1.80433335147875,1.8597004819825,-1.55483958072354,-1.4597747427213,-0.109864957656214
1.7536153693379,1.80433335147875,-1.65364586841697,-1.55483958072354,-0.0952162966353853
1.70965978481584,1.7536153693379,-1.75597046150504,-1.65364586841697,-0.180666819256887
1.62625688085089,1.70965978481584,-1.8596778055473,-1.75597046150504,-0.00885023270008389
1.62217126562288,1.62625688085089,-1.96070133965783,-1.8596778055473,-0.297856107423513
1.4846691807077,1.62217126562288,-2.05325775629969,-1.96070133965783,-0.156252384222173
1.41253693944072,1.4846691807077,-2.13028108441497,-2.05325775629969,-0.213321126115815
1.31405952411725,1.41253693944072,-2.18403796209286,-2.13028108441497,-0.214541847867553
1.21501857565888,1.31405952411725,-2.20686365521224,-2.18403796209286,-0.169680323491264
1.13668746990802,1.21501857565888,-2.19194294954745,-2.20686365521224,-0.133058670939192
1.07526235820411,1.13668746990802,-2.13405287929934,-2.19194294954745,-0.229495689326314
0.96931812884323,1.07526235820411,-2.03018630448127,-2.13405287929934,-0.174563210498207
0.888732890552776,0.96931812884323,-1.87998650889011,-2.03018630448127,-0.151064316777295
0.818995665109115,0.888732890552776,-1.68594210507791,-1.87998650889011,-0.179140917067215
0.736297177562793,0.818995665109115,-1.45331652482775,-1.68594210507791,-0.18097199969482
0.652753390314124,0.736297177562793,-1.18981447715085,-1.45331652482775,-0.186160067139697
0.566814587242137,0.652753390314124,-0.905015833634577,-1.18981447715085,-0.210879682612345
0.469464238188459,0.566814587242137,-0.60963230581448,-0.905015833634577,-0.162661173418783
0.394373447963265,0.469464238188459,-0.31466121646451,-0.60963230581448,-0.238956282902266
0.284061836806927,0.394373447963265,-0.0305215161886889,-0.31466121646451,-0.155947203784238
0.212070478823672,0.284061836806927,0.23374124374429,-0.0305215161886889,-0.205691615167468
0.117115145593313,0.212070478823672,0.471102149592091,0.23374124374429,-0.201724269474326
0.0239912950513734,0.117115145593313,0.676993937240231,0.471102149592091,-0.510872053101397
-0.211847321903555,0.0239912950513734,0.849494375507279,0.676993937240231,-0.105287251087205
-0.260452054788531,-0.211847321903555,0.989251674624771,0.849494375507279,-0.11108567940795
-0.311733570064274,-0.260452054788531,1.09916360280204,0.989251674624771,-0.0509651331349668
-0.335261078446277,-0.311733570064274,1.18385186395809,1.09916360280204,-0.0598153658350498
-0.362874202056293,-0.335261078446277,1.24899414811828,1.18385186395809,0.00305180437933927
-0.361465369219047,-0.362874202056293,1.30058986143263,1.24899414811828,-0.0363164721141374
-0.378230479982271,-0.361465369219047,1.34424047687871,1.30058986143263,-0.0326543068589302
-0.393304991340799,-0.378230479982271,1.38452132361405,1.34424047687871,0.0173952849622339
-0.385274644168499,-0.393304991340799,1.42450909140264,1.38452132361405,-0.00152590218966964
-0.385979060587122,-0.385274644168499,1.46550995192258,1.42450909140264,0.00640878919661247
-0.383020511628906,-0.385979060587122,1.50700932664269,1.46550995192258,0.0131227588311589
-0.37696253042875,-0.383020511628906,1.54683876660748,1.50700932664269,-0.0326543068589302
-0.392037041787278,-0.37696253042875,1.58153109708477,1.54683876660748,0.0311284046692606
-0.377666946847372,-0.392037041787278,1.6068146609372,1.58153109708477,-0.0204470893415731
-0.387106126856918,-0.377666946847372,1.61818339453006,1.6068146609372,0.0228885328450446
-0.376539880577576,-0.387106126856918,1.6114730515315,1.61818339453006,0.0332646677347981
-0.361183602651598,-0.376539880577576,1.58337569781805,1.6114730515315,0.0122072175173571
-0.355548271302615,-0.361183602651598,1.5318342166383,1.58337569781805,0.0311284046692606
-0.341178176362709,-0.355548271302615,1.4562746738416,1.5318342166383,0.121461814297704
-0.285106629440331,-0.341178176362709,1.35765496066433,1.4562746738416,0.108339055466544
-0.235093063718109,-0.285106629440331,1.23833064629144,1.35765496066433,0.138857099259938
-0.17099116962343,-0.235093063718109,1.10176075406732,1.23833064629144,0.0646982528419926
-0.141123913473821,-0.17099116962343,0.95209468964141,1.10176075406732,0.0994888227664612
-0.0951959629796118,-0.141123913473821,0.793694700880463,0.95209468964141,0.0677500572213319
-0.0639198739927576,-0.0951959629796118,0.630654616368669,0.793694700880463,0.155336842908369
0.00778971742304762,-0.0639198739927576,0.466374595677573,0.630654616368669,0.0723277637903417
0.0411790556657707,0.00778971742304762,0.30324351180259,0.466374595677573,0.145571068894483
0.10838038200239,0.0411790556657707,0.142466481449748,0.30324351180259,0.102235446707867
0.155576282050121,0.10838038200239,-0.0159432521479363,0.142466481449748,0.0851453421835657
0.194882718209275,0.155576282050121,-0.17300915591056,-0.0159432521479363,0.0766002899214158
0.230244422424142,0.194882718209275,-0.330493853738114,-0.17300915591056,0.10559243152514
0.278990038592843,0.230244422424142,-0.490497114818003,-0.330493853738114,0.0643930724040587
0.308716411458727,0.278990038592843,-0.654999630037793,-0.490497114818003,0.0683604180971997
0.34027426701303,0.308716411458727,-0.825409056801691,-0.654999630037793,0.0613412680247203
0.368591807041669,0.34027426701303,-1.0021643443261,-0.825409056801691,0.00213626306553749
0.369577990027741,0.368591807041669,-1.18444735247108,-1.0021643443261,0.0222781719691767
0.379862469739634,0.369577990027741,-1.37003817170445,-1.18444735247108,0.0430304417486838
0.399727012744798,0.379862469739634,-1.5553338925975,-1.37003817170445,-0.0222781719691767
0.389442533032905,0.399727012744798,-1.73553184651225,-1.5553338925975,0.0500495918211641
0.412547391563734,0.389442533032905,-1.90495972432192,-1.73553184651225,-0.0286869611657892
0.399304362893624,0.412547391563734,-2.05751859349962,-1.90495972432192,-0.0067139696345464
0.396204930651684,0.399304362893624,-2.18719248692568,-2.05751859349962,0.0231937132829785
0.406912060214751,0.396204930651684,-2.2885712352855,-2.18719248692568,-0.0515754940108337
0.383102785265299,0.406912060214751,-2.35733222382128,-2.2885712352855,-0.0317387655451284
0.368450923757944,0.383102785265299,-2.39063173939606,-2.35733222382128,-0.070801861600672
0.335766001933844,0.368450923757944,-2.38736682696065,-2.39063173939606,-0.0698863202868694
0.303503729960918,0.335766001933844,-2.34828281455229,-2.38736682696065,-0.213015945677882
0.205167197921169,0.303503729960918,-2.27591820354955,-2.34828281455229,-0.154116121156634
0.134021139640261,0.205167197921169,-2.17439556429641,-2.27591820354955,-0.169985503929198
0.0555491506056767,0.134021139640261,-2.04908255431376,-2.17439556429641,-0.192568856336309
-0.0333482014245263,0.0555491506056767,-1.90615954670578,-2.04908255431376,-0.185854886701763
-0.119146121212789,-0.0333482014245263,-1.75213838878222,-1.90615954670578,-0.164492256046387
-0.195082211140331,-0.119146121212789,-1.59337980703104,-1.75213838878222,-0.133058670939193
-0.256507322844243,-0.195082211140331,-1.43565482663941,-1.59337980703104,-0.161745632104982
-0.331175463218265,-0.256507322844243,-1.28378875200549,-1.43565482663941,-0.139772640573739
-0.395700007164117,-0.331175463218265,-1.14141572875369,-1.28378875200549,-0.123598077363241
-0.452757737072568,-0.395700007164117,-1.01085901406067,-1.14141572875369,-0.120546272983901
-0.508406634143772,-0.452757737072568,-0.893138354717745,-1.01085901406067,-0.138857099259938
-0.572508528238451,-0.508406634143772,-0.788092858970367,-0.893138354717745,-0.0646982528419926
-0.60237578438806,-0.572508528238451,-0.694596832956072,-0.788092858970367,-0.0979629205767907
-0.647599318463646,-0.60237578438806,-0.610838306541078,-0.694596832956072,-0.079346913862822
-0.684228972232034,-0.647599318463646,-0.534626048462668,-0.610838306541078,-0.054627298390173
-0.709447080018732,-0.684228972232034,-0.463690947799455,-0.534626048462668,-0.058899824521248
-0.736637553777574,-0.709447080018732,-0.395951433289642,-0.463690947799455,-0.0842298008697644
-0.775521340085555,-0.736637553777574,-0.329719423312682,-0.395951433289642,-0.0424200808728159
-0.79510411652327,-0.775521340085555,-0.263832154690966,-0.329719423312682,-0.0604257267109181
-0.822999006700734,-0.79510411652327,-0.197704966456288,-0.263832154690966,-0.0344853894865338
-0.83891881776161,-0.822999006700734,-0.13130953118755,-0.197704966456288,-0.0579842832074462
-0.865686641669278,-0.83891881776161,-0.0650900647815771,-0.13130953118755,-0.0149538414587624
-0.872589922571782,-0.865686641669278,0.000164125348628641,-0.0650900647815771,-0.00518806744487721
-0.8749849383951,-0.872589922571782,0.0634682854266497,0.000164125348628641,-0.0277714198519874
-0.887805317214036,-0.8749849383951,0.123792350492485,0.0634682854266497,-0.0067139696345464
-0.890904749455976,-0.887805317214036,0.180192301924452,0.123792350492485,-0.0332646677347981
-0.906261027381954,-0.890904749455976,0.23190807620044,0.180192301924452,-0.00946059357595175
-0.910628409177416,-0.906261027381954,0.278419375434239,0.23190807620044,0.0143434805828946
-0.904006894842361,-0.910628409177416,0.319457318615727,0.278419375434239,0.0067139696345464
-0.900907462600421,-0.904006894842361,0.354976159093523,0.319457318615727,-0.016784924086366
-0.908656043205272,-0.900907462600421,0.385094506462429,0.354976159093523,0.0408941786831463
-0.88977768318618,-0.908656043205272,0.410019042123977,0.385094506462429,0.0119020370794232
-0.884283235120922,-0.88977768318618,0.429965264931732,0.410019042123977,-0.029297322041657
-0.89780803035848,-0.884283235120922,0.445089275940094,0.429965264931732,0.0503547722590985
-0.874562288543926,-0.89780803035848,0.455442202537758,0.445089275940094,-0.00518806744487721
-0.876957304367244,-0.874562288543926,0.460954989221027,0.455442202537758,0
